,k1,km1,k2,km2,kcat,dGo,alpha,RSS,Result order,Parameter pair
0,0.21901055566229405,11.880356947186716,5336809434.613036,169930.48065754957,854.03531319644,-3.2498,-4.0684,29.928115101330185,8,"k1,km1"
1,0.21901055566229405,0.19817629805730608,11635784.25434665,3767.6188224695047,1.0567639456607627,-3.2498,-4.0684,0.31852014843972204,0,"k1,km1"
2,0.36533162555275606,0.5514373214539585,11638711.819526708,3767.742527964049,1.057437036417487,-3.2498,-4.0684,3.1104743100922985,12,"k1,km1"
3,0.36533162555275606,2.559545313698035,59410711.72435384,13435.518013617315,0.8079354970450785,-3.2498,-4.0684,38.18926414467483,15,"k1,km1"
4,0.21901055566229405,0.5514373214539585,12017514.594214082,3920.3226181762966,1.084329953805082,-3.2498,-4.0684,12.5637158814957,2,"k1,km1"
5,0.21901055566229405,19.817629805730604,257003447.10692558,1071471.2939255245,654.4072728714067,-3.2498,-4.0684,0.32323305950885023,9,"k1,km1"
6,0.36533162555275606,11.880356947186716,953582365.0280726,1547888.527016522,66.82798243732275,-3.2498,-4.0684,4.319176835456615,18,"k1,km1"
7,0.36533162555275606,0.19817629805730608,11096431.501500348,4181.736637179575,1.0037842560541694,-3.2498,-4.0684,0.3198134474981139,10,"k1,km1"
8,0.36533162555275606,4.269578912767583,310940705.4457659,386176.3429447212,26.93719694753022,-3.2498,-4.0684,0.32230897239886436,16,"k1,km1"
9,0.36533162555275606,0.3305779892497112,11638216.58613032,3767.3395359601727,1.0579009962928856,-3.2498,-4.0684,0.3184857798354628,11,"k1,km1"
10,0.21901055566229405,0.9198528921495097,13584747.232555624,2788.8381454369332,1.757945589303111,-3.2498,-4.0684,0.3733580508557081,3,"k1,km1"
11,0.21901055566229405,0.3305779892497112,12724552.629591277,3282.2356809804637,1.1102587036531117,-3.2498,-4.0684,0.3186812825000543,1,"k1,km1"
12,0.36533162555275606,19.817629805730604,1602678389.1158078,2581978.680579496,140.3344266045892,-3.2498,-4.0684,0.5454216216513915,19,"k1,km1"
13,0.21901055566229405,1.5344071035396247,88871899.06561466,3609.9909844125254,0.7212091466037571,-3.2498,-4.0684,2.2705054371791378,4,"k1,km1"
14,0.6094098808407231,0.5514373214539585,11643238.492063917,3770.897574622167,1.0570754933212148,-3.2498,-4.0684,0.31855592440153946,22,"k1,km1"
15,0.21901055566229405,4.269578912767583,262597917.12818268,1830051.9748828178,242.2088974435947,-3.2498,-4.0684,0.3235875210287902,6,"k1,km1"
16,0.6094098808407231,0.3305779892497112,10923427.10051801,4280.532758088737,1.0270280229420412,-3.2498,-4.0684,0.3213714454962311,21,"k1,km1"
17,0.21901055566229405,7.122086878005647,158871511.314155,870080.4152243066,312.41304622617696,-3.2498,-4.0684,0.3226165541028295,7,"k1,km1"
18,0.6094098808407231,0.19817629805730608,13895718.826857192,4093.358831449025,0.667695652432158,-3.2498,-4.0684,0.3172957730020118,20,"k1,km1"
19,0.6094098808407231,0.9198528921495097,12102961.42370229,3203.965259161668,1.1441912625181878,-3.2498,-4.0684,0.31939686656628075,23,"k1,km1"
20,0.36533162555275606,1.5344071035396247,14105580.937211417,2318.2434626717904,1.4477261297303001,-3.2498,-4.0684,0.32397348022799055,14,"k1,km1"
21,0.36533162555275606,7.122086878005647,34892405.07335329,381193.37955269706,382.26771810926743,-3.2498,-4.0684,0.3223154752280608,17,"k1,km1"
22,0.36533162555275606,0.9198528921495097,14617106.498477936,3198.8062775590306,1.307889676232525,-3.2498,-4.0684,0.32179071465728537,13,"k1,km1"
23,0.6094098808407231,1.5344071035396247,12306854.930480087,3869.8965034653975,1.0712516731139163,-3.2498,-4.0684,11.688298644522039,24,"k1,km1"
24,1.0165569496054339,0.9198528921495097,11637420.027102401,3767.645466689485,1.057106601749536,-3.2498,-4.0684,0.3183985817844579,33,"k1,km1"
25,0.6094098808407231,19.817629805730604,260492494.12732512,1725055.1873743962,378.13922730945643,-3.2498,-4.0684,0.32245284057380874,29,"k1,km1"
26,0.6094098808407231,2.559545313698035,11304302.423526356,3708.9154255809726,1.1763705194269942,-3.2498,-4.0684,24.419123332337136,25,"k1,km1"
27,1.0165569496054339,2.559545313698035,12308884.679595975,3634.0923269657733,1.0914313327153353,-3.2498,-4.0684,8.891247053145126,35,"k1,km1"
28,0.6094098808407231,11.880356947186716,32398508.574438516,155935.39055791765,168.47193154086665,-3.2498,-4.0684,0.3223728315432548,28,"k1,km1"
29,1.0165569496054339,0.5514373214539585,10395871.227900293,4021.4883666947303,1.0156843313509674,-3.2498,-4.0684,0.32029492175551083,32,"k1,km1"
30,1.0165569496054339,1.5344071035396247,11735986.93581576,3787.448490511152,1.0645951191252614,-3.2498,-4.0684,2.9131038273924794,34,"k1,km1"
31,1.0165569496054339,0.3305779892497112,15227120.83416084,3814.2192721707793,0.5701987072239478,-3.2498,-4.0684,0.31558478139830726,31,"k1,km1"
32,1.0165569496054339,0.19817629805730608,12090126.917836882,4214.947539705813,0.7201938260324403,-3.2498,-4.0684,0.31806905047989037,30,"k1,km1"
33,0.21901055566229405,2.559545313698035,141735008.89298525,21552.632606892086,3.186734585173366,-3.2498,-4.0684,0.36183437300086235,5,"k1,km1"
34,0.6094098808407231,4.269578912767583,26058833.666964658,121.47491100070688,0.06755424415364009,-3.2498,-4.0684,0.29917864617530954,26,"k1,km1"
35,0.6094098808407231,7.122086878005647,6298034.007461386,2934.222536694737,10.051495635690033,-3.2498,-4.0684,0.32379206419268847,27,"k1,km1"
36,1.6957191937312774,1.5344071035396247,11638016.326086223,3767.484022462684,1.0568398517773607,-3.2498,-4.0684,0.3184498779374992,44,"k1,km1"
37,1.0165569496054339,11.880356947186716,328457725.84855986,372581.3385080519,36.88925363554316,-3.2498,-4.0684,4.850320133398428,38,"k1,km1"
38,1.6957191937312774,0.3305779892497112,12567355.943373518,4741.818883556098,0.970264059314617,-3.2498,-4.0684,1.8962603930171573,41,"k1,km1"
39,1.0165569496054339,4.269578912767583,15582945.867407933,2037.3572181259199,1.1642837877249144,-3.2498,-4.0684,0.31884077192815885,36,"k1,km1"
40,1.6957191937312774,7.122086878005647,11567300.927665606,3778.357855548012,1.0679719722633227,-3.2498,-4.0684,27.74643969828675,47,"k1,km1"
41,1.6957191937312774,0.9198528921495097,11444155.801476225,4225.134372964701,0.9769091502316694,-3.2498,-4.0684,0.31821070568264276,43,"k1,km1"
42,2.828630098003595,11.880356947186716,11638712.594750768,3767.740187975955,1.0574367021712527,-3.2498,-4.0684,27.78148727283805,58,"k1,km1"
43,1.6957191937312774,2.559545313698035,11564730.978732245,3722.234013166474,1.341496473489462,-3.2498,-4.0684,0.3530729194217156,45,"k1,km1"
44,2.828630098003595,4.269578912767583,11638712.594750768,3767.740187975955,1.0574367021712527,-3.2498,-4.0684,3.1095962907123567,56,"k1,km1"
45,1.6957191937312774,19.817629805730604,68676621.21355683,14199.05296185521,1.722345945844857,-3.2498,-4.0684,26.1692730193712,49,"k1,km1"
46,2.828630098003595,0.19817629805730608,11102845.45924285,5564.488197015359,0.9157863808914675,-3.2498,-4.0684,0.3186430028237619,50,"k1,km1"
47,1.6957191937312774,0.19817629805730608,9007515.812016254,4133.8935518767175,0.8657594180999586,-3.2498,-4.0684,0.326675462137111,40,"k1,km1"
48,2.828630098003595,2.559545313698035,11638582.606340354,3767.672686690441,1.0574231666481015,-3.2498,-4.0684,0.3183392202379518,55,"k1,km1"
49,1.6957191937312774,4.269578912767583,13958973.540473003,2988.1803282135147,1.2912534336002217,-3.2498,-4.0684,0.3191063173166112,46,"k1,km1"
50,1.0165569496054339,19.817629805730604,359922016.86622095,123165.32623787322,31.85628464147789,-3.2498,-4.0684,15.979860837167417,39,"k1,km1"
51,1.6957191937312774,0.5514373214539585,11507538.60986457,3755.886898366174,1.0332181603620665,-3.2498,-4.0684,3.463754972690127,42,"k1,km1"
52,1.0165569496054339,7.122086878005647,24290850.182814345,2249.464165306289,1.2716624281840878,-3.2498,-4.0684,0.3191101033092586,37,"k1,km1"
53,2.828630098003595,0.3305779892497112,9288681.645877937,3970.81223341022,0.7937165073882055,-3.2498,-4.0684,0.3543410205490846,51,"k1,km1"
54,2.828630098003595,1.5344071035396247,11810265.91068409,4290.021381594774,0.9440092477237703,-3.2498,-4.0684,0.32962681698405,54,"k1,km1"
55,1.6957191937312774,11.880356947186716,24989591.63525756,2310.3619281934143,1.3557275019469506,-3.2498,-4.0684,0.4682484455058926,48,"k1,km1"
56,2.828630098003595,0.9198528921495097,9543908.385031525,4449.260714991725,1.0465957974766584,-3.2498,-4.0684,0.3232525356528711,53,"k1,km1"
57,4.718439386020051,4.269578912767583,11638712.594750768,3767.740187975955,1.0574367021712527,-3.2498,-4.0684,0.3185607027810559,66,"k1,km1"
58,2.828630098003595,0.5514373214539585,9965144.640445478,4348.213408965847,0.8864765600711852,-3.2498,-4.0684,0.3207732499763282,52,"k1,km1"
59,2.828630098003595,19.817629805730604,11273281.728402225,4927.011490109093,5.45774480751537,-3.2498,-4.0684,0.6241553324790621,59,"k1,km1"
60,4.718439386020051,0.3305779892497112,12192658.80812773,4376.550384440013,0.6389203963592229,-3.2498,-4.0684,0.35497614992084925,61,"k1,km1"
61,2.828630098003595,7.122086878005647,10626077.709782224,2759.5510379266407,1.5528852991721158,-3.2498,-4.0684,0.3215680834973363,57,"k1,km1"
62,4.718439386020051,0.5514373214539585,11603268.691959701,4355.600707307064,0.8461526793909322,-3.2498,-4.0684,1.1512656787616342,62,"k1,km1"
63,4.718439386020051,7.122086878005647,11746662.664214436,3716.1187873781505,1.0371568147696952,-3.2498,-4.0684,3.040144645673737,67,"k1,km1"
64,4.718439386020051,0.9198528921495097,12553000.442120193,4303.85044029212,0.7026821082789363,-3.2498,-4.0684,0.3168022281666808,63,"k1,km1"
65,4.718439386020051,11.880356947186716,13436669.878716249,3737.9487850430583,1.0966092559198977,-3.2498,-4.0684,6.8844528717438624,68,"k1,km1"
66,4.718439386020051,2.559545313698035,10913994.460400123,3983.0815528974913,0.9656514739532025,-3.2498,-4.0684,0.31795260914146095,65,"k1,km1"
67,4.718439386020051,0.19817629805730608,5900804.912108327,3967.9893247625505,1.1507291812209055,-3.2498,-4.0684,0.38307497073047897,60,"k1,km1"
68,7.870831274565959,0.19817629805730608,11134745.89718335,3733.9334028660164,0.836948690304175,-3.2498,-4.0684,3.7563662623762,70,"k1,km1"
69,7.870831274565959,1.5344071035396247,9962065.685203267,3982.583495246839,1.1645345031669936,-3.2498,-4.0684,3.823077578188232,74,"k1,km1"
70,7.870831274565959,0.5514373214539585,11299077.469634224,3900.624803580043,0.6350474034518503,-3.2498,-4.0684,0.31613696486957277,72,"k1,km1"
71,4.718439386020051,19.817629805730604,9969533.239438511,1728.0658468183296,1.5065866080126806,-3.2498,-4.0684,0.3409783141390167,69,"k1,km1"
72,7.870831274565959,0.3305779892497112,10692653.9307851,4417.7860844966735,0.7650646656113163,-3.2498,-4.0684,0.3561182879098268,71,"k1,km1"
73,7.870831274565959,7.122086878005647,11644191.521549052,3771.729357819302,1.0582231626799206,-3.2498,-4.0684,0.31844795410116644,77,"k1,km1"
74,7.870831274565959,2.559545313698035,15464557.093960173,3691.3885273256205,0.5448630567344375,-3.2498,-4.0684,0.3150700555696932,75,"k1,km1"
75,4.718439386020051,1.5344071035396247,10577725.71300325,4688.100466377266,0.9950293261655194,-3.2498,-4.0684,0.32345938907322663,64,"k1,km1"
76,13.129337877314502,2.559545313698035,12345423.466933373,4522.781779857145,0.7453215858165005,-3.2498,-4.0684,0.3196907482087442,85,"k1,km1"
77,7.870831274565959,0.9198528921495097,16554906.930227095,4078.27616727115,0.462883772506258,-3.2498,-4.0684,0.33591596805691715,73,"k1,km1"
78,13.129337877314502,1.5344071035396247,6736386.451721926,4486.253517698948,1.2730158536742797,-3.2498,-4.0684,0.31908347224996,84,"k1,km1"
79,7.870831274565959,19.817629805730604,9179725.438412335,3517.3557803741614,2.2913651436239855,-3.2498,-4.0684,0.32195309990211785,79,"k1,km1"
80,13.129337877314502,0.3305779892497112,10444864.508803833,5213.639658972619,0.8763425743741888,-3.2498,-4.0684,0.31761468871368526,81,"k1,km1"
81,7.870831274565959,4.269578912767583,11959544.064973608,4040.6515763561024,0.8942223607248225,-3.2498,-4.0684,0.31775221955244465,76,"k1,km1"
82,13.129337877314502,0.9198528921495097,13808872.121351788,3752.003221451025,0.539870931169697,-3.2498,-4.0684,0.5009663021580086,83,"k1,km1"
83,13.129337877314502,7.122086878005647,10980218.737281902,4114.5908308354765,1.0072218559298105,-3.2498,-4.0684,0.32673081418969574,87,"k1,km1"
84,13.129337877314502,0.19817629805730608,9374393.079956792,5836.091125439344,1.0248239091417717,-3.2498,-4.0684,0.4283278848356211,80,"k1,km1"
85,13.129337877314502,0.5514373214539585,11644485.019327857,4653.755293761546,0.7352901064401927,-3.2498,-4.0684,0.3417684544969526,82,"k1,km1"
86,7.870831274565959,11.880356947186716,14051267.381687328,3258.6451931338115,0.9636036901207159,-3.2498,-4.0684,0.36232661271915306,78,"k1,km1"
87,21.901055566229406,0.19817629805730608,12387981.774803167,4577.817482171734,0.9015124235359886,-3.2498,-4.0684,3.6511401578800635,90,"k1,km1"
88,13.129337877314502,11.880356947186716,11629961.93565483,3767.9215387826157,1.0574877525649078,-3.2498,-4.0684,0.31821630302527465,88,"k1,km1"
89,21.901055566229406,0.3305779892497112,10428441.722042697,6037.237118141081,1.0007251496387082,-3.2498,-4.0684,0.3199514104911183,91,"k1,km1"
90,21.901055566229406,1.5344071035396247,11541944.167226752,5247.155976819251,0.8131347936148685,-3.2498,-4.0684,0.3426532841965139,94,"k1,km1"
91,21.901055566229406,4.269578912767583,14003333.789676555,3696.187939775725,0.6904397012432684,-3.2498,-4.0684,2.0855814508754498,96,"k1,km1"
92,13.129337877314502,4.269578912767583,10243313.458604114,4249.359400990121,0.944659296823533,-3.2498,-4.0684,0.3179050441336091,86,"k1,km1"
93,21.901055566229406,0.9198528921495097,12212962.516487448,5707.20754555891,0.8359050512903445,-3.2498,-4.0684,0.31740455015497215,93,"k1,km1"
94,21.901055566229406,19.817629805730604,11638712.594750768,3767.740187975955,1.0574367021712527,-3.2498,-4.0684,0.3183497981857903,99,"k1,km1"
95,21.901055566229406,2.559545313698035,11356091.6452118,4410.128043648311,0.7459327709200407,-3.2498,-4.0684,0.31662712286410344,95,"k1,km1"
96,13.129337877314502,19.817629805730604,10620484.028599773,3247.9707852313854,1.2984355569709667,-3.2498,-4.0684,0.3245594223671091,89,"k1,km1"
97,21.901055566229406,0.5514373214539585,10717090.464482516,5703.227674057614,0.9380041691343743,-3.2498,-4.0684,0.31795078413755656,92,"k1,km1"
98,21.901055566229406,11.880356947186716,13287890.91380315,4170.100568006137,0.8288684536430129,-3.2498,-4.0684,0.317641851070698,98,"k1,km1"
99,21.901055566229406,7.122086878005647,11985087.194369392,4477.54430248871,0.8558045507733489,-3.2498,-4.0684,0.31922186249171236,97,"k1,km1"
100,0.21901055566229405,0.5700316706565864,5402211.841742365,4532.663953100954,0.8563210015478637,-3.2498,-4.0684,45.68163736545203,3,"k1,k2"
101,0.36533162555275606,1.9817753992506728,3238540.916011026,3767.7545806836606,1.0574326746408773,-3.2498,-4.0684,47.52020398690013,12,"k1,k2"
102,0.36533162555275606,1.9819105945662145,1941454.273162086,3768.356757699138,1.057410361250708,-3.2498,-4.0684,47.56614046979269,11,"k1,k2"
103,0.36533162555275606,1.9817629805730603,41827364.35211033,3767.740187975955,1.0574367021712527,-3.2498,-4.0684,0.45367248224327394,17,"k1,k2"
104,0.21901055566229405,2.3412864737912353,1941454.273162086,3943.602993283121,1.1175360156417375,-3.2498,-4.0684,47.56840236016869,1,"k1,k2"
105,0.21901055566229405,0.7542819236986458,3238540.916011026,8104.951672412101,8.086003182382706,-3.2498,-4.0684,22.399926540695517,2,"k1,k2"
106,0.21901055566229405,2.0504881006016054,69772248.94541784,3839.3997093881026,0.9972891067068934,-3.2498,-4.0684,0.331072883914242,8,"k1,k2"
107,0.36533162555275606,1.758346555484545,69772248.94541784,6004.586878748282,0.8414562577086873,-3.2498,-4.0684,0.33195034866664874,18,"k1,k2"
108,0.21901055566229405,1.7150827758329434,116387125.94750775,4491.09468862845,0.8377791264681964,-3.2498,-4.0684,3.9297413988241767,9,"k1,k2"
109,0.21901055566229405,2.5187221328851255,15031975.352954859,1281.281087616882,1.806468452925988,-3.2498,-4.0684,0.32398484692455193,5,"k1,k2"
110,0.36533162555275606,4.640221670188611,9011432.475278959,744.2369367680978,1.9405176812470208,-3.2498,-4.0684,0.32024600809699133,14,"k1,k2"
111,0.21901055566229405,2.218492786269949,25074846.16144205,2049.9661296038544,1.5601974136036012,-3.2498,-4.0684,0.3197483693993067,6,"k1,k2"
112,0.36533162555275606,0.8811227907831198,15031975.352954859,3612.3706486977894,1.4045291519528393,-3.2498,-4.0684,0.31944051151383923,15,"k1,k2"
113,0.36533162555275606,0.5375210800462102,1163871.2594750775,8673.150131422688,31.50493413209564,-3.2498,-4.0684,0.3222772302064443,10,"k1,k2"
114,0.21901055566229405,1.290189613032351,41827364.35211033,4157.098972779683,1.128445714799999,-3.2498,-4.0684,0.3739953345326238,7,"k1,k2"
115,0.21901055566229405,0.4222737216441488,9011432.475278959,47100.41189678078,27.049813038926793,-3.2498,-4.0684,0.3631682231686002,4,"k1,k2"
116,0.6094098808407231,0.9780618623342145,3238540.916011026,2243.413474052352,1.5573690449343562,-3.2498,-4.0684,15.918374476960045,22,"k1,k2"
117,0.36533162555275606,2.2744402594303095,5402211.841742365,850.8516790753584,1.940828541450054,-3.2498,-4.0684,0.32121162549108484,13,"k1,k2"
118,0.6094098808407231,1.404911826126829,5402211.841742365,10063.78091656229,9.823150437036078,-3.2498,-4.0684,0.49023129242672264,23,"k1,k2"
119,0.6094098808407231,0.14028875304404131,1163871.2594750775,15704.07395907223,28.867247865503977,-3.2498,-4.0684,0.3323798678075842,20,"k1,k2"
120,0.36533162555275606,1.9648321438888514,25074846.16144205,3354.1383042588163,1.4402221953739303,-3.2498,-4.0684,0.326998818980208,16,"k1,k2"
121,0.21901055566229405,6.010457337245999,1163871.2594750775,836.9878544194787,36.420568527418276,-3.2498,-4.0684,0.32227444492597696,0,"k1,k2"
122,0.6094098808407231,2.4435614771709693,41827364.35211033,3902.740801211262,0.7955188751549656,-3.2498,-4.0684,0.32005771178680076,27,"k1,k2"
123,1.0165569496054339,1.9817626490566904,9011432.475278959,3767.7389431432416,1.057436097115617,-3.2498,-4.0684,16.176108022883376,34,"k1,k2"
124,1.0165569496054339,1.7076617117370212,1941454.273162086,4317.279937795289,1.2295166693563222,-3.2498,-4.0684,47.165967192073836,31,"k1,k2"
125,0.6094098808407231,1.9617362865812993,25074846.16144205,3751.113104506054,1.0778581477460762,-3.2498,-4.0684,0.31909521019475373,26,"k1,k2"
126,1.0165569496054339,1.0528258886986586,5402211.841742365,3528.800421004615,1.8161800150557337,-3.2498,-4.0684,2.1928925552465084,33,"k1,k2"
127,0.36533162555275606,2.0996923209279172,116387125.94750775,4256.622119663501,0.4445425631433588,-3.2498,-4.0684,0.3743980358050487,19,"k1,k2"
128,1.0165569496054339,1.9818232047576676,1163871.2594750775,3767.5871376107457,1.0576155224367318,-3.2498,-4.0684,47.5570198818675,30,"k1,k2"
129,1.0165569496054339,1.4496817395270627,3238540.916011026,1182.4167775255987,1.508564425638371,-3.2498,-4.0684,0.3208793661068209,32,"k1,k2"
130,0.6094098808407231,2.593481444663393,69772248.94541784,3190.7292138114826,0.5517019620954327,-3.2498,-4.0684,2.7323087469444696,28,"k1,k2"
131,0.6094098808407231,2.733962408672368,9011432.475278959,2227.4324669125276,2.3097978338917375,-3.2498,-4.0684,0.32138447284814037,24,"k1,k2"
132,1.6957191937312774,4.775844090149263,1163871.2594750775,6038.595801257919,8.238521598086534,-3.2498,-4.0684,39.84077784672497,40,"k1,k2"
133,0.6094098808407231,3.211439265526508,116387125.94750775,4989.12702874204,0.4024411382854993,-3.2498,-4.0684,1.0443939752310114,29,"k1,k2"
134,0.6094098808407231,0.6565908481350424,1941454.273162086,74533.35221158343,136.36950138403841,-3.2498,-4.0684,0.3223620719003575,21,"k1,k2"
135,1.6957191937312774,1.98177149757983,5402211.841742365,3767.7364311041933,1.057428410036978,-3.2498,-4.0684,23.91547596409586,43,"k1,k2"
136,1.0165569496054339,2.555494834086057,69772248.94541784,3619.2131420050146,0.5403698469640599,-3.2498,-4.0684,7.3960072058647315,38,"k1,k2"
137,1.0165569496054339,1.919430836275143,15031975.352954859,3622.863608614352,1.1930460132024865,-3.2498,-4.0684,0.31883936342388985,35,"k1,k2"
138,0.6094098808407231,1.3413112005078514,15031975.352954859,3910.9206848734498,1.4198419046608297,-3.2498,-4.0684,0.320206057421635,25,"k1,k2"
139,1.6957191937312774,0.5614859117256721,3238540.916011026,7171.770081969439,5.070686470429185,-3.2498,-4.0684,0.32310420501706594,42,"k1,k2"
140,1.0165569496054339,1.9914475826663902,25074846.16144205,4459.89128291354,0.8624522176243641,-3.2498,-4.0684,0.3932102343830432,36,"k1,k2"
141,2.828630098003595,1.9817793878609358,1163871.2594750775,3767.821159806798,1.0574615759284463,-3.2498,-4.0684,47.294717672477134,50,"k1,k2"
142,1.6957191937312774,2.0215111726516453,9011432.475278959,3903.967894345955,1.2202365219720859,-3.2498,-4.0684,3.3712583703692034,44,"k1,k2"
143,2.828630098003595,2.305307742090803,3238540.916011026,1533.2690692433985,2.007140682412659,-3.2498,-4.0684,3.1342200877694486,52,"k1,k2"
144,1.6957191937312774,0.20234651799144254,41827364.35211033,8411.15289939725,0.5042972649438966,-3.2498,-4.0684,2.359196165312005,47,"k1,k2"
145,1.0165569496054339,3.5231025419366775,41827364.35211033,4333.440680603576,0.8817694553318867,-3.2498,-4.0684,0.678291519720326,37,"k1,k2"
146,1.0165569496054339,3.719252369433934,116387125.94750775,4126.312287798084,0.343458981959643,-3.2498,-4.0684,1.345695425854223,39,"k1,k2"
147,1.6957191937312774,1.1307068224194405,1941454.273162086,395.63099875064256,0.5854915897630659,-3.2498,-4.0684,0.3155150444512055,41,"k1,k2"
148,1.6957191937312774,1.8860946907705012,25074846.16144205,4182.061126397103,0.6056869319238241,-3.2498,-4.0684,0.3156745393030784,46,"k1,k2"
149,2.828630098003595,1.5164353329010352,5402211.841742365,4311.204943603565,1.2180844038547893,-3.2498,-4.0684,10.768064645678898,53,"k1,k2"
150,2.828630098003595,2.1150732451906573,15031975.352954859,3819.0974551509044,0.7596940127593361,-3.2498,-4.0684,0.31755411626512264,55,"k1,k2"
151,1.6957191937312774,4.283742826039015,69772248.94541784,4519.925135419549,0.4913082557424844,-3.2498,-4.0684,1.8048683183119851,48,"k1,k2"
152,1.6957191937312774,2.0806561444586538,15031975.352954859,3905.374896469427,0.9743798969968283,-3.2498,-4.0684,0.33003194397714203,45,"k1,k2"
153,2.828630098003595,16.182013486767396,1941454.273162086,591.8946074573508,3.495381241982092,-3.2498,-4.0684,0.32313737681717125,51,"k1,k2"
154,4.718439386020051,0.24445869668873432,3238540.916011026,3956.0463818554013,1.6279840105000414,-3.2498,-4.0684,3.6585045700358187,62,"k1,k2"
155,2.828630098003595,1.9731213356412862,9011432.475278959,3503.1329992047595,1.0610863590474735,-3.2498,-4.0684,0.4651379613670833,54,"k1,k2"
156,4.718439386020051,1.9887619717557357,9011432.475278959,3751.701457933459,1.0120377595599135,-3.2498,-4.0684,0.31841748630164746,64,"k1,k2"
157,4.718439386020051,2.2903765546997903,5402211.841742365,2880.2201420130928,1.2594179340270637,-3.2498,-4.0684,0.5177959619576109,63,"k1,k2"
158,4.718439386020051,6.683583052479028,1941454.273162086,1051.9846997923898,2.2423593180566868,-3.2498,-4.0684,0.3205347922153434,61,"k1,k2"
159,7.870831274565959,1.054063420417903,1163871.2594750775,1298.151917986505,2.1484604102740614,-3.2498,-4.0684,0.32282951551237016,70,"k1,k2"
160,2.828630098003595,2.091351528195197,25074846.16144205,4548.703021919199,0.8559172739695775,-3.2498,-4.0684,5.752054480576347,56,"k1,k2"
161,2.828630098003595,3.726241880438651,69772248.94541784,18013.72985886201,2.2582313259290965,-3.2498,-4.0684,12.515353956484901,58,"k1,k2"
162,4.718439386020051,2.0161286526708615,1163871.2594750775,8241.88327388165,17.257935969151056,-3.2498,-4.0684,0.3221463141964494,60,"k1,k2"
163,2.828630098003595,114.94659960137423,116387125.94750775,54413.31696620533,33.501213365910225,-3.2498,-4.0684,0.3244080307602739,59,"k1,k2"
164,7.870831274565959,1.9817616856870406,41827364.35211033,3767.737431301147,1.0574368643500698,-3.2498,-4.0684,25.27896647450293,77,"k1,k2"
165,1.6957191937312774,3.7548107641680017,116387125.94750775,7325.760878472742,0.4885926219999823,-3.2498,-4.0684,3.5172675693756617,49,"k1,k2"
166,4.718439386020051,5.5486180997781664,15031975.352954859,2850.6407042009114,0.6978835068726899,-3.2498,-4.0684,0.3257544482209872,65,"k1,k2"
167,7.870831274565959,1.9818443590126655,15031975.352954859,3767.7868626085474,1.0574937807466127,-3.2498,-4.0684,10.164182696463879,75,"k1,k2"
168,2.828630098003595,2.014270651211957,41827364.35211033,5941.6144650618135,0.5353356578156196,-3.2498,-4.0684,2.122737651343858,57,"k1,k2"
169,7.870831274565959,1.9841452137428583,9011432.475278959,3767.8874355191697,1.057726116501855,-3.2498,-4.0684,1.1776265188280348,74,"k1,k2"
170,4.718439386020051,0.22827823157708726,69772248.94541784,157520.5772870427,7.433514778654642,-3.2498,-4.0684,8.891413512257488,68,"k1,k2"
171,4.718439386020051,32.633306209162065,116387125.94750775,247874.5249009319,26.626316701465093,-3.2498,-4.0684,0.5373344331896731,69,"k1,k2"
172,7.870831274565959,2.340918697548054,3238540.916011026,2516.3656311964783,1.739365124127227,-3.2498,-4.0684,0.32192241621781026,72,"k1,k2"
173,4.718439386020051,2.5130895498310615,25074846.16144205,4109.894951938531,0.4156977714789336,-3.2498,-4.0684,0.37686516842454904,66,"k1,k2"
174,7.870831274565959,0.020634813890398007,1941454.273162086,3751.646681362839,3.2012419137581283,-3.2498,-4.0684,0.36298377508857593,71,"k1,k2"
175,7.870831274565959,1.8321213534830458,5402211.841742365,3826.53179186624,1.4951110131911824,-3.2498,-4.0684,0.3195873817115495,73,"k1,k2"
176,7.870831274565959,153.7290601902819,116387125.94750775,76971.94890558257,22.50524723026828,-3.2498,-4.0684,0.35279570153418555,79,"k1,k2"
177,13.129337877314502,2.050697978347565,5402211.841742365,3316.2355511504643,1.1753689928468094,-3.2498,-4.0684,0.36027816127030027,83,"k1,k2"
178,13.129337877314502,3.395158538418708,1163871.2594750775,415.10650443263944,0.7716031572624455,-3.2498,-4.0684,0.31714253847618273,80,"k1,k2"
179,7.870831274565959,12.09953435245025,69772248.94541784,7120.605298976322,1.823017598917665,-3.2498,-4.0684,22.362738798205097,78,"k1,k2"
180,4.718439386020051,4.995088557366157,41827364.35211033,4575.219284654725,0.4062120916027545,-3.2498,-4.0684,0.37431155230475976,67,"k1,k2"
181,13.129337877314502,4.162320074600718,41827364.35211033,933.2136641640072,0.18015279007912866,-3.2498,-4.0684,19.242107775358058,87,"k1,k2"
182,13.129337877314502,5.980703472921924,1941454.273162086,1561.311065289606,2.004182000155483,-3.2498,-4.0684,0.3202312114834627,81,"k1,k2"
183,7.870831274565959,2.17877372887567,25074846.16144205,4317.162696152066,0.5148516737856053,-3.2498,-4.0684,3.028877912099368,76,"k1,k2"
184,13.129337877314502,1.9690446482190898,9011432.475278959,4221.044338168691,0.8779075571874735,-3.2498,-4.0684,0.41177006165359287,84,"k1,k2"
185,13.129337877314502,71.30837175850044,116387125.94750775,1235843.5805446696,152.4074429437995,-3.2498,-4.0684,2.504418150346665,89,"k1,k2"
186,13.129337877314502,1.717450562304645,15031975.352954859,5542.53959435561,1.0363121332004455,-3.2498,-4.0684,4.149218945902587,85,"k1,k2"
187,13.129337877314502,16.255169893883142,69772248.94541784,67173.69520376979,8.36152926941741,-3.2498,-4.0684,13.11527561000976,88,"k1,k2"
188,21.901055566229406,1.0784401646868584,15031975.352954859,6226.671206419407,0.5215677276837503,-3.2498,-4.0684,5.068586697072096,95,"k1,k2"
189,21.901055566229406,1.8587303870731984,5402211.841742365,3478.217554370224,1.1963202530375203,-3.2498,-4.0684,0.3190416554163496,93,"k1,k2"
190,21.901055566229406,1.981912211698691,9011432.475278959,3768.178252994463,1.0574733397647367,-3.2498,-4.0684,2.983965942096305,94,"k1,k2"
191,21.901055566229406,3.1701643109419866,25074846.16144205,11327.044728808476,0.7505487959462429,-3.2498,-4.0684,1.3444378107113057,96,"k1,k2"
192,21.901055566229406,0.5066390034012385,1941454.273162086,1382.163256775766,1.2463643401516569,-3.2498,-4.0684,0.31926940714745805,91,"k1,k2"
193,21.901055566229406,0.1483883140339768,1163871.2594750775,2063.932179712287,2.759015155737509,-3.2498,-4.0684,0.6964563403631787,90,"k1,k2"
194,13.129337877314502,0.06915344014123459,25074846.16144205,8023.75158700469,0.9150981998530754,-3.2498,-4.0684,6.703493271935333,86,"k1,k2"
195,21.901055566229406,48.13866160161527,69772248.94541784,157742.58255126502,16.244003937269493,-3.2498,-4.0684,2.5941136191381706,98,"k1,k2"
196,21.901055566229406,1.0403455285737286,3238540.916011026,2293.8447782683065,1.271079361852406,-3.2498,-4.0684,0.3190063740272624,92,"k1,k2"
197,13.129337877314502,2.3484907634253576,3238540.916011026,3058.756750438393,1.3876489943946404,-3.2498,-4.0684,4.046196517294492,82,"k1,k2"
198,21.901055566229406,0.3205220090219145,41827364.35211033,9102.589314382041,1.0697106559185068,-3.2498,-4.0684,16.848232608897234,97,"k1,k2"
199,21.901055566229406,894.2533479884007,116387125.94750775,377985.6825746501,231.48389993395838,-3.2498,-4.0684,0.32254493338589374,99,"k1,k2"
200,0.21901055566229405,249.78993450247387,1048463632.8472195,22587.00901985313,41.85107007647526,-3.2498,-4.0684,0.3229658671778368,8,"k1,km2"
201,0.21901055566229405,2.196872114902076,11341173.86843316,628.4969431592942,1.043438227606012,-3.2498,-4.0684,0.3197519746015158,1,"k1,km2"
202,0.36533162555275606,2.2405127797012954,14199545.745138133,628.4969431592942,0.5411061174490506,-3.2498,-4.0684,0.3161592579484962,11,"k1,km2"
203,0.36533162555275606,0.82337158328407,14901512.217218284,2917.224393327944,1.093703971160485,-3.2498,-4.0684,0.31865424099400613,14,"k1,km2"
204,0.36533162555275606,2.1253041733045053,11726344.146897798,1048.3960885126137,1.0392737026117151,-3.2498,-4.0684,0.31992101973078035,12,"k1,km2"
205,0.21901055566229405,472.1472044988352,761609033.7634245,37677.401879759585,183.0420868844321,-3.2498,-4.0684,0.3223872784945983,9,"k1,km2"
206,0.21901055566229405,14.904086460728482,98806854.98162593,4866.223577643461,5.69773877017162,-3.2498,-4.0684,0.3360007834073974,5,"k1,km2"
207,0.21901055566229405,2.7819948775174224,12841782.102581037,376.7740187975955,0.6907085794418106,-3.2498,-4.0684,0.3167020206457898,0,"k1,km2"
208,0.36533162555275606,747.321118957416,447218908.9681125,13540.556169213809,106.52066045918191,-3.2498,-4.0684,0.32236907827106404,17,"k1,km2"
209,0.36533162555275606,1.0571924556686496,9045846.054491408,4866.223577643461,3.503674016525893,-3.2498,-4.0684,0.33818937411614436,15,"k1,km2"
210,0.36533162555275606,3107.757068254245,2362561844.1416483,22587.00901985313,139.5837522319712,-3.2498,-4.0684,0.32236915808643785,18,"k1,km2"
211,0.21901055566229405,1.2805783454905253,12308888.29635245,1748.83007844633,1.6590554280783443,-3.2498,-4.0684,0.3205740454636198,3,"k1,km2"
212,0.21901055566229405,36.512048037966615,118803802.71089888,13540.556169213809,32.61236616862752,-3.2498,-4.0684,0.32248553154278703,7,"k1,km2"
213,0.21901055566229405,2.2623079306129465,4277290.220994104,2917.224393327944,13.256481550524391,-3.2498,-4.0684,0.32207505075774207,4,"k1,km2"
214,0.36533162555275606,2.801511070185215,11178538.321928054,376.7740187975955,0.49827082796767863,-3.2498,-4.0684,0.31942981393782505,10,"k1,km2"
215,0.36533162555275606,1.5914778550650497,12095604.818856983,1748.83007844633,1.3286590335361388,-3.2498,-4.0684,0.31934209576028927,13,"k1,km2"
216,0.21901055566229405,1.9356809743744874,16578065.143800678,1048.3960885126137,1.0673473820591068,-3.2498,-4.0684,0.3184602720807106,2,"k1,km2"
217,0.21901055566229405,185.68147246128825,45729066.47959555,8117.350164002651,265.484436762017,-3.2498,-4.0684,0.32237074477414984,6,"k1,km2"
218,0.6094098808407231,15.892030832209095,432255100.1644628,22587.00901985313,60.81796643373123,-3.2498,-4.0684,29.928101283675122,28,"k1,km2"
219,0.6094098808407231,1.7783234090241176,10677998.333164135,2917.224393327944,1.3360519705074458,-3.2498,-4.0684,4.012498393329592,24,"k1,km2"
220,0.6094098808407231,1.937892726476675,12216483.080450712,1748.83007844633,1.0165451020086747,-3.2498,-4.0684,0.32174407448247117,23,"k1,km2"
221,0.36533162555275606,5.344457830260183,49395757.39905206,8117.350164002651,4.324313414660869,-3.2498,-4.0684,0.3293081241383573,16,"k1,km2"
222,0.6094098808407231,2.642469075175563,11503563.28186151,1048.3960885126137,0.8324089048952292,-3.2498,-4.0684,0.31792156195905563,22,"k1,km2"
223,0.6094098808407231,0.5558842702161726,16539133.75983678,4866.223577643461,0.9645691113435884,-3.2498,-4.0684,0.31822392648084774,25,"k1,km2"
224,0.6094098808407231,2.737322924627608,8865622.433522038,628.4969431592942,0.6700689145542227,-3.2498,-4.0684,0.3163415109790816,21,"k1,km2"
225,1.0165569496054339,1.5808139337254783,14542682.98249234,4866.223577643461,1.0718014119905126,-3.2498,-4.0684,3.9204251472798943,35,"k1,km2"
226,1.0165569496054339,1.9560799155329764,12015415.374214228,2917.224393327944,1.1479195935960473,-3.2498,-4.0684,0.4401980176133835,34,"k1,km2"
227,0.6094098808407231,209.55839216103809,1346421725.5173857,37677.401879759585,16.137780535388664,-3.2498,-4.0684,0.3371486967522752,29,"k1,km2"
228,0.36533162555275606,199.18043878644113,356231959.19756484,37677.401879759585,95.58136011586771,-3.2498,-4.0684,0.36151604259586456,19,"k1,km2"
229,1.0165569496054339,2.4609489297352702,2146059.0484032757,376.7740187975955,1.0270803063594514,-3.2498,-4.0684,0.31940590403708397,30,"k1,km2"
230,1.0165569496054339,2.3311640414817085,4473498.702278696,628.4969431592942,0.7937051444119867,-3.2498,-4.0684,0.31740843254476614,31,"k1,km2"
231,1.0165569496054339,9.861537346306731,23114680.526995428,13540.556169213809,9.498505077547307,-3.2498,-4.0684,0.8430289642826387,37,"k1,km2"
232,1.0165569496054339,2.3075345207998046,11764407.865460884,1748.83007844633,0.8323971303682989,-3.2498,-4.0684,0.31782277663984443,33,"k1,km2"
233,1.0165569496054339,18.94261405153895,44183430.25257026,22587.00901985313,22.341262067298338,-3.2498,-4.0684,2.445057511396544,38,"k1,km2"
234,0.6094098808407231,3.7500844799857127,8986641.776837934,376.7740187975955,0.5145215412637771,-3.2498,-4.0684,0.3158321894626248,20,"k1,km2"
235,1.0165569496054339,83.38740065342034,160333436.89399716,37677.401879759585,21.52261695233943,-3.2498,-4.0684,7.2788767168270265,39,"k1,km2"
236,1.0165569496054339,1.0632125790560396,14721836.812932203,8117.350164002651,1.8871443660265852,-3.2498,-4.0684,0.3380864838599229,36,"k1,km2"
237,1.0165569496054339,2.6416473932866413,15414240.96710622,1048.3960885126137,0.4225029750079905,-3.2498,-4.0684,0.31304138468497283,32,"k1,km2"
238,1.6957191937312774,1.9817629805730603,11638712.594750768,4866.223577643461,1.0574367021712527,-3.2498,-4.0684,5.746359384642734,45,"k1,km2"
239,1.6957191937312774,2.6149488024940735,11527186.385883396,13540.556169213809,1.388126406507269,-3.2498,-4.0684,37.10827353744574,47,"k1,km2"
240,1.6957191937312774,12.205725619663514,3596515.162367133,376.7740187975955,1.465476919244027,-3.2498,-4.0684,0.3213838308190033,40,"k1,km2"
241,0.6094098808407231,3.7046970754328328,24967263.049373746,8117.350164002651,4.588353261930359,-3.2498,-4.0684,1.0884575340927292,26,"k1,km2"
242,1.6957191937312774,75.54890320919368,72564744.4501226,37677.401879759585,33.338910690152616,-3.2498,-4.0684,1.6771299859578574,49,"k1,km2"
243,1.6957191937312774,1.1267971973706894,10149788.296982175,8117.350164002651,1.8989255185184,-3.2498,-4.0684,1.526882553804242,46,"k1,km2"
244,1.6957191937312774,2.7439722880995867,9589276.063417245,1748.83007844633,0.8157247509455658,-3.2498,-4.0684,0.31836818494726166,43,"k1,km2"
245,2.828630098003595,2.405272359939472,10725647.801795771,1748.83007844633,0.59783795839004,-3.2498,-4.0684,0.9516094721268491,53,"k1,km2"
246,1.6957191937312774,2.177699202750151,10413620.33778906,2917.224393327944,1.0781144418511817,-3.2498,-4.0684,0.32942427574933797,44,"k1,km2"
247,1.6957191937312774,2.4392145946967463,6072258.351344018,1048.3960885126137,0.7234638441668648,-3.2498,-4.0684,0.316718826028537,42,"k1,km2"
248,2.828630098003595,4.693122850222785,5048960.211706989,628.4969431592942,0.563937816361183,-3.2498,-4.0684,0.3196147717886212,51,"k1,km2"
249,2.828630098003595,2.1797474216187176,9620906.307641158,22587.00901985313,3.3773355421403375,-3.2498,-4.0684,18.15664058235553,58,"k1,km2"
250,1.6957191937312774,131.0190877980164,127875459.49803673,22587.00901985313,23.717865725964653,-3.2498,-4.0684,0.3228046995257556,48,"k1,km2"
251,1.6957191937312774,2.393668027117763,8501789.124994358,628.4969431592942,0.30942138798504715,-3.2498,-4.0684,0.30999190121102954,41,"k1,km2"
252,2.828630098003595,1.5181736161195887,13581719.988805268,13540.556169213809,1.3043005285954132,-3.2498,-4.0684,16.424012078036135,57,"k1,km2"
253,2.828630098003595,1.393268558473983,11112251.606107628,8117.350164002651,1.5233442538216777,-3.2498,-4.0684,1.8343237526684784,56,"k1,km2"
254,2.828630098003595,1.7705627160230724,11843019.095564818,4866.223577643461,1.1503539180020113,-3.2498,-4.0684,0.31938458602536823,55,"k1,km2"
255,0.6094098808407231,8.354957987106722,763337552.8434185,13540.556169213809,1.1581237785509422,-3.2498,-4.0684,15.391541589211464,27,"k1,km2"
256,2.828630098003595,2.291290834254694,9354258.901194872,1048.3960885126137,0.5302642240097482,-3.2498,-4.0684,4.932717742824087,52,"k1,km2"
257,4.718439386020051,1.9998647273044607,11611600.228963792,4866.223577643461,1.0249154144446924,-3.2498,-4.0684,0.31842112148087776,65,"k1,km2"
258,4.718439386020051,2.0351375451257447,10874118.867140394,13540.556169213809,1.198519001516622,-3.2498,-4.0684,25.326606428305837,67,"k1,km2"
259,2.828630098003595,11.650139953982745,23743477.0108768,376.7740187975955,0.25499257224850824,-3.2498,-4.0684,8.147436632593534,50,"k1,km2"
260,4.718439386020051,1.8225462042098464,10688429.77890933,8117.350164002651,1.2669320897762568,-3.2498,-4.0684,4.898521698166646,66,"k1,km2"
261,2.828630098003595,2.209963679961073,11689904.74652379,2917.224393327944,0.7717572133172108,-3.2498,-4.0684,0.3208934884856212,54,"k1,km2"
262,4.718439386020051,1.4774393640552024,2335706.9853138896,1748.83007844633,1.6335788494760854,-3.2498,-4.0684,0.35252245620333766,63,"k1,km2"
263,4.718439386020051,0.1979290243585905,16271861.904007364,22587.00901985313,1.5391086828544558,-3.2498,-4.0684,8.447484201324462,68,"k1,km2"
264,4.718439386020051,1.7265476239989868,12216428.393879762,2917.224393327944,0.5608881164573964,-3.2498,-4.0684,0.3153283013149669,64,"k1,km2"
265,4.718439386020051,0.9431714388210863,224675.21586950778,376.7740187975955,3.4552562721057587,-3.2498,-4.0684,0.32178559658377404,60,"k1,km2"
266,4.718439386020051,3.9922245312002866,569462.3193292951,628.4969431592942,3.4975083027636,-3.2498,-4.0684,0.3212213913597452,61,"k1,km2"
267,4.718439386020051,0.919217178488839,3161939.7611952275,1048.3960885126137,0.6800105706586561,-3.2498,-4.0684,0.3165821615799496,62,"k1,km2"
268,2.828630098003595,11.058784628510526,148426882.3267385,37677.401879759585,11.032329452068462,-3.2498,-4.0684,24.956981747348195,59,"k1,km2"
269,7.870831274565959,120.41924014375499,72729100.60819691,376.7740187975955,0.452273265117638,-3.2498,-4.0684,18.10862214577438,70,"k1,km2"
270,7.870831274565959,2.017109665720507,12130958.1326952,13540.556169213809,1.4724114171642544,-3.2498,-4.0684,8.883467852765026,77,"k1,km2"
271,7.870831274565959,1.9711904113189789,11738811.81794428,4866.223577643461,0.8927378023923709,-3.2498,-4.0684,0.31810930876249605,75,"k1,km2"
272,4.718439386020051,30.046499524165423,128644574.11092955,37677.401879759585,3.9135871436319807,-3.2498,-4.0684,0.44161314960776954,69,"k1,km2"
273,7.870831274565959,2.8273019138571445,13264408.568758234,2917.224393327944,0.5234701509446296,-3.2498,-4.0684,0.3234086709936427,74,"k1,km2"
274,7.870831274565959,0.3907492827443466,8581654.894132342,22587.00901985313,1.65020439495837,-3.2498,-4.0684,29.47708590962545,78,"k1,km2"
275,7.870831274565959,1.0498250175253414,14120229.637909284,37677.401879759585,7.935701085657545,-3.2498,-4.0684,5.274289444805395,79,"k1,km2"
276,7.870831274565959,50.23429242614061,10503385.11024403,1048.3960885126137,1.326412085107746,-3.2498,-4.0684,0.39892997649002027,72,"k1,km2"
277,7.870831274565959,3.1652994716234915,7506397.935096943,1748.83007844633,0.43997907770277056,-3.2498,-4.0684,2.5497145209419037,73,"k1,km2"
278,13.129337877314502,1.9340755272250196,10797990.438776517,13540.556169213809,1.3371604014539784,-3.2498,-4.0684,13.144731143902181,87,"k1,km2"
279,7.870831274565959,1.7234912657508397,12938308.373776887,8117.350164002651,1.1662798389566644,-3.2498,-4.0684,0.8082678349434548,76,"k1,km2"
280,13.129337877314502,20.034805314001947,12342269.90069208,1048.3960885126137,0.47423920187036894,-3.2498,-4.0684,2.1522662852434014,82,"k1,km2"
281,13.129337877314502,2.2865572093387145,6618172.296246076,2917.224393327944,0.8875909094584531,-3.2498,-4.0684,0.3176641081931558,84,"k1,km2"
282,7.870831274565959,27.664224730724392,3593299.9659711346,628.4969431592942,1.3422100500652143,-3.2498,-4.0684,0.3226310813781844,71,"k1,km2"
283,21.901055566229406,1.9821811935639237,11638699.188042989,8117.350164002651,1.0574406233056899,-3.2498,-4.0684,1.9240244493568934,96,"k1,km2"
284,13.129337877314502,45.43822158050026,536753.5720404352,376.7740187975955,5.418932407643568,-3.2498,-4.0684,0.3216468893391252,80,"k1,km2"
285,13.129337877314502,25.229698934772767,42255417.50508424,628.4969431592942,0.18842002454015705,-3.2498,-4.0684,13.978905491638763,81,"k1,km2"
286,13.129337877314502,3.6092058078113576,11276697.983935006,1748.83007844633,0.335216453923429,-3.2498,-4.0684,0.3272401862440645,83,"k1,km2"
287,13.129337877314502,2.0577806644812346,11243925.02764617,4866.223577643461,0.9281707530164647,-3.2498,-4.0684,0.5183250060927956,85,"k1,km2"
288,13.129337877314502,1.5826299479763337,11355933.668691712,8117.350164002651,1.3642014679489312,-3.2498,-4.0684,0.32022967649412065,86,"k1,km2"
289,13.129337877314502,8.176461310270975,28126947.527088713,37677.401879759585,2.292741905115346,-3.2498,-4.0684,8.712851022188307,89,"k1,km2"
290,13.129337877314502,0.7269901991004981,18255019.84311628,22587.00901985313,1.8867914872466738,-3.2498,-4.0684,1.3582612472155537,88,"k1,km2"
291,21.901055566229406,2.109564211180093,11572012.271318648,13540.556169213809,1.0859265319780054,-3.2498,-4.0684,16.65344158174574,97,"k1,km2"
292,21.901055566229406,2.2338218994910295,7472540.496824171,628.4969431592942,0.1610879966458134,-3.2498,-4.0684,0.30752203683345963,91,"k1,km2"
293,21.901055566229406,1.5658534382372973,11803189.93305363,1048.3960885126137,0.11187445882807645,-3.2498,-4.0684,6.306812724056977,92,"k1,km2"
294,21.901055566229406,0.0471895022010953,17404388.335877664,22587.00901985313,1.36683088339724,-3.2498,-4.0684,8.854481322856858,98,"k1,km2"
295,21.901055566229406,4.820224241686155e-05,4181905.409207404,37677.401879759585,15.464773750998358,-3.2498,-4.0684,0.32293790915707066,99,"k1,km2"
296,21.901055566229406,2.219694971032613,9802139.279816534,4866.223577643461,1.0305913910121327,-3.2498,-4.0684,0.614215181650002,95,"k1,km2"
297,21.901055566229406,2.9363932937357897,8121722.524768764,2917.224393327944,0.6972505265605913,-3.2498,-4.0684,0.3171281769836886,94,"k1,km2"
298,21.901055566229406,1.9819258955571537,11638556.115377048,376.7740187975955,1.057386320439862,-3.2498,-4.0684,29.912744067916286,90,"k1,km2"
299,21.901055566229406,2.83056683469332,12089133.640207913,1748.83007844633,0.4241658654882636,-3.2498,-4.0684,4.744227271654776,93,"k1,km2"
300,0.21901055566229405,0.5266154888936301,26193553.46797188,9995.498738086046,0.1763910730946925,-3.2498,-4.0684,47.53111947185204,1,"k1,kcat"
301,0.21901055566229405,2.006729201917361,11713364.289525568,3829.7549284927554,0.10574367021712527,-3.2498,-4.0684,47.56872920724298,0,"k1,kcat"
302,0.36533162555275606,1.982190985378447,11634982.324848237,3768.3828737339045,0.10574367021712527,-3.2498,-4.0684,47.56854360144793,10,"k1,kcat"
303,0.21901055566229405,0.011020963907183434,21546675.581724387,6752.160488950248,0.4908186389050408,-3.2498,-4.0684,1.067004669080729,3,"k1,kcat"
304,0.21901055566229405,5.01798528247388e-05,13323475.172433404,4384.6267302576725,0.29423804378655144,-3.2498,-4.0684,14.877350450016628,2,"k1,kcat"
305,0.36533162555275606,2.0325380430988256,10920328.394471534,3789.963902969751,3.8002304688715505,-3.2498,-4.0684,0.3428995087639266,17,"k1,kcat"
306,0.36533162555275606,3.15400643772721,17768506.733397316,989.9818907657049,0.1763910730946925,-3.2498,-4.0684,44.186193266894335,11,"k1,kcat"
307,0.36533162555275606,0.3418725472452562,10503731.041814724,4376.535624179262,1.3657320184637252,-3.2498,-4.0684,0.3239405820255538,15,"k1,kcat"
308,0.36533162555275606,1.1487039414974602,11957388.883996425,1392.168081952329,0.8187348352253002,-3.2498,-4.0684,0.32268689399440875,14,"k1,kcat"
309,0.21901055566229405,2.1025249906600525,11100353.232021028,3883.9419598390677,6.339166486608666,-3.2498,-4.0684,0.32172985101399565,8,"k1,kcat"
310,0.36533162555275606,1.5566921925111687,14612332.695975576,3904.8624304940017,2.2781783136706597,-3.2498,-4.0684,0.42546523463904184,16,"k1,kcat"
311,0.21901055566229405,0.023524226177226604,9323131.281007722,6756.123412559649,1.3657320184637252,-3.2498,-4.0684,0.3208289655843367,5,"k1,kcat"
312,0.36533162555275606,0.001006297370159892,13031657.338805372,2291.087735698196,0.29423804378655144,-3.2498,-4.0684,0.36331195524136284,12,"k1,kcat"
313,0.21901055566229405,0.7931979820027939,11012583.202399353,3173.577647560297,2.2781783136706597,-3.2498,-4.0684,0.3206334109054375,6,"k1,kcat"
314,0.21901055566229405,1.461574656636948,12602806.528950104,3875.260968528689,3.8002304688715505,-3.2498,-4.0684,0.4491662445117923,7,"k1,kcat"
315,0.6094098808407231,0.0032869938342112714,24037298.828980226,7894.185602515616,0.29423804378655144,-3.2498,-4.0684,14.990771956466915,22,"k1,kcat"
316,0.36533162555275606,1.6811013107029815,15968239.655611824,813.467174185881,0.4908186389050408,-3.2498,-4.0684,0.314530741343915,13,"k1,kcat"
317,0.36533162555275606,2.002679613590621,9108968.48440152,5300.743159570513,6.339166486608666,-3.2498,-4.0684,0.33197359434229234,18,"k1,kcat"
318,0.21901055566229405,1.70007365000084,42067257.44290708,3875.06220591682,0.8187348352253002,-3.2498,-4.0684,10.102234255776693,4,"k1,kcat"
319,0.6094098808407231,1.900725979248231,11314594.303018915,3540.9438248893493,0.4908186389050408,-3.2498,-4.0684,41.736142416571155,23,"k1,kcat"
320,0.21901055566229405,1.6509912082484774,7160434.3951836005,5217.235483786002,10.574367021712527,-3.2498,-4.0684,0.32331294764088664,9,"k1,kcat"
321,0.6094098808407231,2.176095663728446,12464126.922281763,3655.351981034184,0.8187348352253002,-3.2498,-4.0684,28.7735935160754,24,"k1,kcat"
322,0.6094098808407231,1.9400904908470435,11643032.02369002,3702.850072580033,2.2781783136706597,-3.2498,-4.0684,0.3205913210908538,26,"k1,kcat"
323,0.6094098808407231,1.981700926187128,11639011.934086375,3767.7580673304233,1.3657320184637252,-3.2498,-4.0684,10.812127550329343,25,"k1,kcat"
324,0.36533162555275606,1.833856416447793,4004403.4893746777,4104.097026407396,10.574367021712527,-3.2498,-4.0684,0.3220162157501644,19,"k1,kcat"
325,0.6094098808407231,3.549657635812272,509704643.6415244,78468.74349211204,0.10574367021712527,-3.2498,-4.0684,47.31206848518646,20,"k1,kcat"
326,1.0165569496054339,1.9226505805655516,31764754.316698994,5781.129791938078,0.10574367021712527,-3.2498,-4.0684,47.23411750978904,30,"k1,kcat"
327,0.6094098808407231,5.707244406219439,142908750.72688812,8267.501886345455,0.1763910730946925,-3.2498,-4.0684,45.40254470355153,21,"k1,kcat"
328,0.6094098808407231,2.9739833980639396,7405941.561679151,2815.9192896496243,3.8002304688715505,-3.2498,-4.0684,0.32271377628553977,27,"k1,kcat"
329,1.0165569496054339,0.24751087681137962,21995401.206138536,4923.816806731226,0.4908186389050408,-3.2498,-4.0684,0.3312514668239925,33,"k1,kcat"
330,1.0165569496054339,2.9973342038793556,11229243.712962424,3106.425700607359,2.2781783136706597,-3.2498,-4.0684,1.5524832005065412,36,"k1,kcat"
331,0.6094098808407231,1.3078026525042326,5297792.022070824,7082.916674805476,6.339166486608666,-3.2498,-4.0684,0.89471216495314,28,"k1,kcat"
332,1.0165569496054339,0.011764817750293588,20813429.876910616,4883.325521590484,0.29423804378655144,-3.2498,-4.0684,4.395196431918669,32,"k1,kcat"
333,1.0165569496054339,18.537453931267997,93282809.01363431,507.4222054921023,0.1763910730946925,-3.2498,-4.0684,0.36069078397619003,31,"k1,kcat"
334,1.6957191937312774,1.9816174101813173,11637881.369686803,3767.6892503533627,0.4908186389050408,-3.2498,-4.0684,24.01631385120666,43,"k1,kcat"
335,0.6094098808407231,3.402774953006804,4087798.9703392894,3835.726740589616,10.574367021712527,-3.2498,-4.0684,0.3219268356461885,29,"k1,kcat"
336,1.0165569496054339,1.7342338577316863,12654479.430534732,3743.5017974022353,1.3657320184637252,-3.2498,-4.0684,0.31989726522869444,35,"k1,kcat"
337,1.0165569496054339,2.108770901975151,12834347.548630219,2573.5511470170864,0.8187348352253002,-3.2498,-4.0684,2.7383088243766416,34,"k1,kcat"
338,1.6957191937312774,3.491765536846618,18728900.448775165,969.3104371109653,0.29423804378655144,-3.2498,-4.0684,0.45930833824540657,42,"k1,kcat"
339,1.0165569496054339,3.434729284511345,7625389.697011804,3995.083718995399,3.8002304688715505,-3.2498,-4.0684,0.35688187376360286,37,"k1,kcat"
340,1.6957191937312774,0.005501744630878491,98955012.22569431,23642.98776937205,0.10574367021712527,-3.2498,-4.0684,38.817796647408436,40,"k1,kcat"
341,1.6957191937312774,5.068387125462575,10586759.43047997,1159.712824713337,0.1763910730946925,-3.2498,-4.0684,40.700040695301794,41,"k1,kcat"
342,1.0165569496054339,1.3890120486607964,6808892.415445013,17847.377669574897,10.574367021712527,-3.2498,-4.0684,0.3221233073093981,39,"k1,kcat"
343,2.828630098003595,1.9821060603291873,11640653.745482989,3767.9019125604464,1.3657320184637252,-3.2498,-4.0684,4.146258603296364,55,"k1,kcat"
344,1.6957191937312774,37.56887085644895,230796515.39289173,155859.18293123745,10.574367021712527,-3.2498,-4.0684,25.052796758483993,49,"k1,kcat"
345,1.6957191937312774,1.660032742052803,8582289.1199125,4580.459126719149,2.2781783136706597,-3.2498,-4.0684,1.9752564283267886,46,"k1,kcat"
346,1.0165569496054339,3.5496346918269754,5998237.576404171,4957.503311152513,6.339166486608666,-3.2498,-4.0684,0.3216560552519895,38,"k1,kcat"
347,1.6957191937312774,1.9746316714626522,11441233.186104406,3724.685789341957,1.3657320184637252,-3.2498,-4.0684,0.8174617129881449,45,"k1,kcat"
348,1.6957191937312774,3.155291863523015,6996242.114197994,4862.813864272789,3.8002304688715505,-3.2498,-4.0684,0.7321307278600548,47,"k1,kcat"
349,1.6957191937312774,1.0703848372029192,13094719.13843494,3881.2301378238053,0.8187348352253002,-3.2498,-4.0684,0.3242726167209177,44,"k1,kcat"
350,2.828630098003595,1.4661927339570373,39556677.89327826,5787.356514885246,0.1763910730946925,-3.2498,-4.0684,19.59177810379353,51,"k1,kcat"
351,4.718439386020051,1.9817629805730603,11638712.594750768,3767.740187975955,0.10574367021712527,-3.2498,-4.0684,46.89466179043203,60,"k1,kcat"
352,2.828630098003595,1.397195038715258,17472820.618203864,3608.738953091518,0.29423804378655144,-3.2498,-4.0684,12.505274815158096,52,"k1,kcat"
353,2.828630098003595,10.020247739833895,26233420.87329797,2205.489816943305,0.10574367021712527,-3.2498,-4.0684,45.943859867462145,50,"k1,kcat"
354,4.718439386020051,1.9817629805730603,11638712.594750768,3767.740187975955,0.8187348352253002,-3.2498,-4.0684,0.3625349869005024,64,"k1,kcat"
355,2.828630098003595,1.6733303440372613,12378526.479334868,3651.398574559501,0.4908186389050408,-3.2498,-4.0684,9.172972242829347,53,"k1,kcat"
356,4.718439386020051,1.9817784762995592,11638783.64601433,3767.963025449379,0.4908186389050408,-3.2498,-4.0684,8.490224051277494,63,"k1,kcat"
357,2.828630098003595,1.9638303679834164,12433983.673018776,3485.9537373606354,0.8187348352253002,-3.2498,-4.0684,0.3178465336801801,54,"k1,kcat"
358,4.718439386020051,2.2907594971557454,11504231.446778128,2382.2512359542557,0.29423804378655144,-3.2498,-4.0684,12.395280260635593,62,"k1,kcat"
359,1.6957191937312774,3.991595485878813,3995398.0626032134,4631.427833764106,6.339166486608666,-3.2498,-4.0684,0.40144454267699536,48,"k1,kcat"
360,2.828630098003595,201.04885476402245,675277880.1027015,55420.93055554998,10.574367021712527,-3.2498,-4.0684,0.39430191000850556,59,"k1,kcat"
361,4.718439386020051,2.2972916869116577,10198552.145339496,3997.885938007427,1.3657320184637252,-3.2498,-4.0684,3.173718785590551,65,"k1,kcat"
362,2.828630098003595,29.08017234053281,8447132.98984531,2821.543197730855,6.339166486608666,-3.2498,-4.0684,0.331877532777141,58,"k1,kcat"
363,2.828630098003595,1.8053652818116253,5628771.28782796,7653.109835316429,3.8002304688715505,-3.2498,-4.0684,0.32137129604129033,57,"k1,kcat"
364,2.828630098003595,3.6430097151813134,8237703.1431979565,4804.690420643467,2.2781783136706597,-3.2498,-4.0684,0.32054431375994313,56,"k1,kcat"
365,4.718439386020051,0.6918967436688042,49141391.03720563,4798.820136253214,0.1763910730946925,-3.2498,-4.0684,0.7093536241828691,61,"k1,kcat"
366,7.870831274565959,13.754773684826326,14378929.459761858,1639.769849596544,0.10574367021712527,-3.2498,-4.0684,43.910835508163075,70,"k1,kcat"
367,4.718439386020051,2.934877764031807,8713941.32285808,6151.574496763085,6.339166486608666,-3.2498,-4.0684,19.12251836742702,68,"k1,kcat"
368,7.870831274565959,2.15248333231487,24709801.733734466,660.8634849563547,0.1763910730946925,-3.2498,-4.0684,16.79311966186138,71,"k1,kcat"
369,7.870831274565959,1.8243952667595575,10729853.564858705,4098.89229139287,0.8187348352253002,-3.2498,-4.0684,0.3233655534132897,74,"k1,kcat"
370,7.870831274565959,1.1147264020555396,18221363.469468925,2721.2029032707355,0.29423804378655144,-3.2498,-4.0684,0.31065336710642166,72,"k1,kcat"
371,4.718439386020051,9.065690970817942,5074667.375608677,3872.7058563270566,3.8002304688715505,-3.2498,-4.0684,0.32149621457673583,67,"k1,kcat"
372,7.870831274565959,171.30867049727763,159988059.40226868,78647.92514806558,10.574367021712527,-3.2498,-4.0684,12.465591847358017,79,"k1,kcat"
373,7.870831274565959,2.2842091536732987,12605908.925482644,7191.14915584573,1.3657320184637252,-3.2498,-4.0684,0.533096468981536,75,"k1,kcat"
374,13.129337877314502,5.918566080654736,73732148.32231557,13484.354205730107,0.10574367021712527,-3.2498,-4.0684,41.081939269026634,80,"k1,kcat"
375,13.129337877314502,1.9536304155463915,13183314.59496205,3470.653650848745,0.4908186389050408,-3.2498,-4.0684,0.4430704240935318,83,"k1,kcat"
376,7.870831274565959,2.2930047174312556,9588116.585482877,6245.086761305774,2.2781783136706597,-3.2498,-4.0684,5.837534039799799,76,"k1,kcat"
377,7.870831274565959,1.77065511472567,13401776.870443553,3117.6259482763135,0.4908186389050408,-3.2498,-4.0684,0.3143668736125481,73,"k1,kcat"
378,13.129337877314502,1.989735910217222,10350605.820867246,4316.741345925041,0.8187348352253002,-3.2498,-4.0684,0.3192162202206535,84,"k1,kcat"
379,4.718439386020051,3.3875595753745893,5811231.366391182,4335.697109907605,2.2781783136706597,-3.2498,-4.0684,0.3701881016711128,66,"k1,kcat"
380,13.129337877314502,1.4635130460197794,14642443.941240586,3879.120832457019,0.29423804378655144,-3.2498,-4.0684,10.845555782287672,82,"k1,kcat"
381,21.901055566229406,1.981783939801201,11638751.70072176,3767.7309992018772,0.1763910730946925,-3.2498,-4.0684,35.40413684321035,91,"k1,kcat"
382,13.129337877314502,0.015896249025931786,29883601.262361355,5430.178330075645,0.1763910730946925,-3.2498,-4.0684,12.156734649893476,81,"k1,kcat"
383,4.718439386020051,8.987215837767486,4292785.977965205,9218.934458713578,10.574367021712527,-3.2498,-4.0684,0.32429874944183634,69,"k1,kcat"
384,21.901055566229406,1.9817629805730603,11638712.594750768,3767.740187975955,1.3657320184637252,-3.2498,-4.0684,12.919894401374696,95,"k1,kcat"
385,21.901055566229406,1.83040303397057,11542173.039097533,3668.993401587869,0.4908186389050408,-3.2498,-4.0684,1.6279712705929814,93,"k1,kcat"
386,13.129337877314502,13.031729122951875,3683768.9840493384,3928.689229591328,3.8002304688715505,-3.2498,-4.0684,0.38947383899041327,87,"k1,kcat"
387,21.901055566229406,2.21800906027308,13014582.649162166,2694.796335315562,0.29423804378655144,-3.2498,-4.0684,3.482257756400292,92,"k1,kcat"
388,21.901055566229406,12.757804735724239,16390720.815630326,3017.011660393847,0.10574367021712527,-3.2498,-4.0684,42.809249555609,90,"k1,kcat"
389,13.129337877314502,2.1179481828980005,17432115.984373238,8625.362033271907,1.3657320184637252,-3.2498,-4.0684,3.4099371268203598,85,"k1,kcat"
390,13.129337877314502,1.5479208922837078,8099867.894137096,6360.978099352817,2.2781783136706597,-3.2498,-4.0684,5.014607578272284,86,"k1,kcat"
391,7.870831274565959,1.8713812278206259,6135597.951425654,8010.171840201372,3.8002304688715505,-3.2498,-4.0684,3.2846146467223836,77,"k1,kcat"
392,21.901055566229406,1.9198780175731174,10802798.138148213,4244.766531198471,0.8187348352253002,-3.2498,-4.0684,0.7099353021907897,94,"k1,kcat"
393,7.870831274565959,51.2915809763946,39693621.45626089,22013.75004228751,6.339166486608666,-3.2498,-4.0684,0.8101530575301894,78,"k1,kcat"
394,13.129337877314502,124.60392561300112,55751273.2576239,41909.97623424324,10.574367021712527,-3.2498,-4.0684,2.4765627127921035,89,"k1,kcat"
395,13.129337877314502,0.9775834895027458,2692709.014003808,9236.434238551119,6.339166486608666,-3.2498,-4.0684,0.3229429310483631,88,"k1,kcat"
396,21.901055566229406,2.501475450185063,233180.87939170437,464.6228782696899,3.8002304688715505,-3.2498,-4.0684,0.3226408037610008,97,"k1,kcat"
397,21.901055566229406,152.49702267265263,46501333.968453504,24285.64757934507,6.339166486608666,-3.2498,-4.0684,0.7888269024122294,98,"k1,kcat"
398,21.901055566229406,1508.7970872323958,2155973863.290414,74217.9323952663,10.574367021712527,-3.2498,-4.0684,15.39587401823476,99,"k1,kcat"
399,21.901055566229406,0.8356569872294011,7621114.788400622,9743.84515955264,2.2781783136706597,-3.2498,-4.0684,0.3207183160859923,96,"k1,kcat"
400,2.1901055566229406,0.3305779892497112,1941454.273162086,3767.740187975955,1.0574367021712527,-3.2498,-4.0684,36.63164971423127,11,"km1,k2"
401,3.5931480981063117,0.19817629805730608,41827364.35211033,2552.9924606551635,0.3907468052164089,-3.2498,-4.0684,19.855026919422585,7,"km1,k2"
402,2.9517216828749984,0.19817629805730608,15031975.352954859,4045.258040586616,0.49966818511742117,-3.2498,-4.0684,0.31700084801574624,5,"km1,k2"
403,2.1645332687122303,0.19817629805730608,5402211.841742365,3144.2114599158263,1.0794407816752383,-3.2498,-4.0684,0.3214981826087402,3,"km1,k2"
404,2.72965640633641,0.3305779892497112,5402211.841742365,3566.273041265995,1.229025873544452,-3.2498,-4.0684,0.353778241465325,13,"km1,k2"
405,2.7291803355196995,0.19817629805730608,1941454.273162086,781.3168062542904,5.9487563616998145,-3.2498,-4.0684,28.095601527685492,1,"km1,k2"
406,0.8603001907730459,0.19817629805730608,1163871.2594750775,4770.372776622752,8.626317362658927,-3.2498,-4.0684,0.32187705243935905,0,"km1,k2"
407,2.169544263915828,0.3305779892497112,15031975.352954859,4568.099999408122,1.046577017777564,-3.2498,-4.0684,7.717522726289234,15,"km1,k2"
408,2.2579884482347956,0.19817629805730608,9011432.475278959,4609.504903379914,0.9499620038926078,-3.2498,-4.0684,0.31885118536926177,4,"km1,k2"
409,1.5450854082855012,0.3305779892497112,25074846.16144205,6122.641744921824,0.513358150505673,-3.2498,-4.0684,0.31545421119966915,16,"km1,k2"
410,2.228477990654272,0.3305779892497112,9011432.475278959,3940.255723109765,0.8591372735875928,-3.2498,-4.0684,0.31788152170006423,14,"km1,k2"
411,16.758072096301643,0.3305779892497112,1163871.2594750775,15808.199060397874,23.678962840524676,-3.2498,-4.0684,0.32216887786045123,10,"km1,k2"
412,3.013969175709035,0.3305779892497112,69772248.94541784,257.0265158727106,0.02918167684744888,-3.2498,-4.0684,14.448880566974367,18,"km1,k2"
413,3.77932752243194,0.19817629805730608,25074846.16144205,5184.4514438861215,0.37869854247979595,-3.2498,-4.0684,0.31328620625899495,6,"km1,k2"
414,0.030836406290073892,0.19817629805730608,69772248.94541784,9182.94606473267,1.6702705198862517,-3.2498,-4.0684,0.3200344728599961,8,"km1,k2"
415,2.5912995381954187,0.19817629805730608,3238540.916011026,2689.6974948154125,1.5282366885791911,-3.2498,-4.0684,0.3198240142935658,2,"km1,k2"
416,2.465562379498108,0.3305779892497112,41827364.35211033,4443.098630622493,0.3978247259307097,-3.2498,-4.0684,9.442882935415344,17,"km1,k2"
417,1.0044003832428992,0.5514373214539585,1941454.273162086,1826.8475130966447,2.5004471148411227,-3.2498,-4.0684,0.320942625444976,21,"km1,k2"
418,2.1787016338058534,0.5514373214539585,9011432.475278959,4026.068639732438,0.9465134517168836,-3.2498,-4.0684,0.3248944574757517,24,"km1,k2"
419,0.06444061098130804,0.5514373214539585,41827364.35211033,3779.5817189274526,1.4439058134555425,-3.2498,-4.0684,0.33995980355883787,27,"km1,k2"
420,3.8585831847183236,0.5514373214539585,1163871.2594750775,21280.85209243637,35.70583115949074,-3.2498,-4.0684,0.32224030754147476,20,"km1,k2"
421,243.838635345938,0.19817629805730608,116387125.94750775,5919185.945355498,126.23922835048279,-3.2498,-4.0684,4.245373812743422,9,"km1,k2"
422,3.3910105342563197,0.3305779892497112,3238540.916011026,2886.7744006565613,1.666197931292548,-3.2498,-4.0684,0.32090065716479754,12,"km1,k2"
423,2.373820909316629,0.5514373214539585,15031975.352954859,4228.306944400728,0.6423276625152379,-3.2498,-4.0684,0.5004747044036912,25,"km1,k2"
424,0.3309174137962536,0.5514373214539585,25074846.16144205,4920.838434748109,0.8953399869407626,-3.2498,-4.0684,0.31810224439436374,26,"km1,k2"
425,1.6826591947813054,0.5514373214539585,5402211.841742365,3921.478910330434,1.584829625834442,-3.2498,-4.0684,0.3775092826421126,23,"km1,k2"
426,2.150838258452802,0.9198528921495097,5402211.841742365,3610.867071790112,1.6224494757665835,-3.2498,-4.0684,0.3217221154159524,33,"km1,k2"
427,1.11599407322052,0.9198528921495097,1941454.273162086,1414.884131416374,2.161803386521398,-3.2498,-4.0684,0.41592701328632664,31,"km1,k2"
428,2.154842563548736,0.9198528921495097,15031975.352954859,5622.295139552372,0.652737082485932,-3.2498,-4.0684,4.556217946980311,35,"km1,k2"
429,1.9976802559020483,0.5514373214539585,3238540.916011026,3775.332597315535,1.948741056224033,-3.2498,-4.0684,2.9510283072419097,22,"km1,k2"
430,426.45888863772296,0.9198528921495097,1163871.2594750775,26491.114070057676,38.96566715388447,-3.2498,-4.0684,0.3223136726255643,30,"km1,k2"
431,4.026899765922512,0.9198528921495097,3238540.916011026,2370.0498988283107,1.5192226712368617,-3.2498,-4.0684,0.3259909018756044,32,"km1,k2"
432,2.190310858748035,1.5344071035396247,1941454.273162086,3768.1521050436354,1.0574731786899902,-3.2498,-4.0684,44.41535088837701,41,"km1,k2"
433,66.76854337888552,0.5514373214539585,69772248.94541784,80727.6930786521,4.931575832406787,-3.2498,-4.0684,14.681309864307822,28,"km1,k2"
434,2.0950175998765617,0.9198528921495097,9011432.475278959,3905.3539298675346,1.0695628188939215,-3.2498,-4.0684,0.3185001796010322,34,"km1,k2"
435,0.8072975087324674,0.9198528921495097,41827364.35211033,4347.882338394589,0.3586095060010628,-3.2498,-4.0684,0.48619114922417017,37,"km1,k2"
436,2.5769078326646,0.9198528921495097,25074846.16144205,3693.2168548833565,0.3295800480569224,-3.2498,-4.0684,0.3962363692404173,36,"km1,k2"
437,22.716955743959545,1.5344071035396247,1163871.2594750775,34199.338007832775,53.62088936310548,-3.2498,-4.0684,0.32226391714535646,40,"km1,k2"
438,2262.0415456224227,0.3305779892497112,116387125.94750775,367302.8033545537,29.303305434159558,-3.2498,-4.0684,25.40230657154692,19,"km1,k2"
439,12.941292270427962,0.9198528921495097,69772248.94541784,92748.61201584105,6.553215629371665,-3.2498,-4.0684,16.18058066436536,38,"km1,k2"
440,2.0156805445569566,1.5344071035396247,5402211.841742365,3673.3428136601574,1.3178520265500788,-3.2498,-4.0684,7.410861879302568,43,"km1,k2"
441,196.9742998149288,0.5514373214539585,116387125.94750775,1212158.7562623678,67.5145762044056,-3.2498,-4.0684,21.40148676260186,29,"km1,k2"
442,2.540716772922487,2.559545313698035,9011432.475278959,3153.3241782869886,1.1587831223041576,-3.2498,-4.0684,0.3708218176430353,54,"km1,k2"
443,2.0563783938208013,1.5344071035396247,69772248.94541784,4163.426026340171,0.41014261860598333,-3.2498,-4.0684,12.87644217289478,48,"km1,k2"
444,1.862113169972329,1.5344071035396247,15031975.352954859,4190.340936061033,1.0016515617607298,-3.2498,-4.0684,0.9382558332142225,45,"km1,k2"
445,5.828503896566295,1.5344071035396247,3238540.916011026,2194.3778814480966,1.4598885266184514,-3.2498,-4.0684,0.32022366324103935,42,"km1,k2"
446,2.1967452330621224,2.559545313698035,15031975.352954859,3987.7353441058767,1.011434244775328,-3.2498,-4.0684,0.3418566370153296,55,"km1,k2"
447,1.6876110431196194,2.559545313698035,5402211.841742365,3065.623884299857,1.833547058625276,-3.2498,-4.0684,3.372262646218503,53,"km1,k2"
448,20.25384091520452,0.9198528921495097,116387125.94750775,4732.980690461818,0.7151519103051205,-3.2498,-4.0684,28.864483863489607,39,"km1,k2"
449,2.134915054291248,1.5344071035396247,9011432.475278959,3687.5994078623153,1.204969684902721,-3.2498,-4.0684,0.3189536920379345,44,"km1,k2"
450,0.9153844728696501,1.5344071035396247,25074846.16144205,4915.156152507464,0.8192526257651465,-3.2498,-4.0684,0.6381532825156453,46,"km1,k2"
451,0.09695006242725213,1.5344071035396247,41827364.35211033,4516.626252425614,3.0775977675819126,-3.2498,-4.0684,0.3242602735432193,47,"km1,k2"
452,109.93875265246854,2.559545313698035,1941454.273162086,313583.88482114015,282.16670926247326,-3.2498,-4.0684,0.32219204186313233,51,"km1,k2"
453,2.1878377089060153,2.559545313698035,3238540.916011026,2876.547269312919,2.784001373831092,-3.2498,-4.0684,1.3680442010615212,52,"km1,k2"
454,0.28696847554522087,1.5344071035396247,116387125.94750775,111879.92643540463,12.574029287442336,-3.2498,-4.0684,1.4492967216249437,49,"km1,k2"
455,5.213526668760751,2.559545313698035,1163871.2594750775,55155.23929975806,120.81969930025565,-3.2498,-4.0684,0.3224846024471015,50,"km1,k2"
456,2.0461984950574794,2.559545313698035,25074846.16144205,4671.642194508928,0.7106215442316508,-3.2498,-4.0684,0.32350179585954925,56,"km1,k2"
457,252.2740595543836,4.269578912767583,1163871.2594750775,141854.29467414197,211.62781971531928,-3.2498,-4.0684,0.3222062481318209,60,"km1,k2"
458,2.4884281886080633,4.269578912767583,15031975.352954859,3471.859004593976,1.071239130423708,-3.2498,-4.0684,0.31900642440168026,65,"km1,k2"
459,22.34664682608208,4.269578912767583,3238540.916011026,14566.58386809741,7.761118140772242,-3.2498,-4.0684,1.3141409065603993,62,"km1,k2"
460,403.59234477434734,4.269578912767583,1941454.273162086,127744.42815244535,113.43113598298291,-3.2498,-4.0684,0.32243816612800824,61,"km1,k2"
461,0.3447147384401199,2.559545313698035,69772248.94541784,5625.21077701448,1.1627541001944826,-3.2498,-4.0684,0.3188560522876304,58,"km1,k2"
462,2.913576765413994,2.559545313698035,41827364.35211033,5069.958130258782,0.5348187061482033,-3.2498,-4.0684,3.0835836996174173,57,"km1,k2"
463,5.548989859906185,7.122086878005647,5402211.841742365,10475.206141184579,2.9602919841578887,-3.2498,-4.0684,25.498786852379638,73,"km1,k2"
464,2.3903731187717594,4.269578912767583,5402211.841742365,2048.4876101020764,1.8087282672182456,-3.2498,-4.0684,0.32012333386625413,63,"km1,k2"
465,2.5747558185528905,4.269578912767583,9011432.475278959,3886.0452432910565,1.2093325191952737,-3.2498,-4.0684,8.75579248930797,64,"km1,k2"
466,142.42846759545782,7.122086878005647,1163871.2594750775,91120.97716602209,140.5537279868465,-3.2498,-4.0684,0.3223398480021617,70,"km1,k2"
467,2.293800254008327,4.269578912767583,25074846.16144205,4188.342898663486,0.7885582301441789,-3.2498,-4.0684,0.3735434484550111,66,"km1,k2"
468,2.2482024659757047,7.122086878005647,15031975.352954859,3285.2977154537457,1.3645740089829976,-3.2498,-4.0684,0.9702997955741715,75,"km1,k2"
469,1216.6945575690204,7.122086878005647,1941454.273162086,258757.56874928385,229.43012431253106,-3.2498,-4.0684,0.3223817174378454,71,"km1,k2"
470,2.180084301918346,4.269578912767583,69772248.94541784,3740.3921033176653,1.0515522097214864,-3.2498,-4.0684,21.48578765704331,68,"km1,k2"
471,53.933647659408685,7.122086878005647,3238540.916011026,178207.32465332406,100.00485114828021,-3.2498,-4.0684,0.4567693615943408,72,"km1,k2"
472,2.208892660756898,7.122086878005647,25074846.16144205,3719.151383425495,1.0770693396627,-3.2498,-4.0684,0.3186987373174044,76,"km1,k2"
473,2.937810419266572,7.122086878005647,9011432.475278959,2108.9533478517933,1.3493077241100178,-3.2498,-4.0684,0.3301982733600508,74,"km1,k2"
474,0.4876680969850651,4.269578912767583,116387125.94750775,7340.880508436655,1.055046201168793,-3.2498,-4.0684,0.3183439285223483,69,"km1,k2"
475,106.32216440081547,11.880356947186716,1163871.2594750775,268755.35189408093,438.517631684754,-3.2498,-4.0684,0.32225220910187824,80,"km1,k2"
476,1.6915406459138866,7.122086878005647,41827364.35211033,4129.841065547739,1.0951307308992582,-3.2498,-4.0684,1.7666533181603818,77,"km1,k2"
477,2.5911006626509256,2.559545313698035,116387125.94750775,5800.3185022975495,0.17201098105975499,-3.2498,-4.0684,0.30716433145623756,59,"km1,k2"
478,794.1328829208646,19.817629805730604,1163871.2594750775,292124.6578439828,178.25621780359683,-3.2498,-4.0684,24.168300198679837,90,"km1,k2"
479,2.1072199783399945,7.122086878005647,116387125.94750775,4650.874179079367,1.0557706506273292,-3.2498,-4.0684,20.191268489384843,79,"km1,k2"
480,13.247485571558855,11.880356947186716,5402211.841742365,22661.799439857423,8.008829175089925,-3.2498,-4.0684,10.250517013915934,83,"km1,k2"
481,2.1361546072404,11.880356947186716,41827364.35211033,3766.9793447922075,1.074250779052941,-3.2498,-4.0684,0.433438662343916,87,"km1,k2"
482,416.8482130620184,11.880356947186716,1941454.273162086,83272.59779310095,75.27687294322754,-3.2498,-4.0684,0.32208008951898376,81,"km1,k2"
483,2.2188169510950044,19.817629805730604,41827364.35211033,3758.3560818053575,1.0457410856065397,-3.2498,-4.0684,5.616000268454061,97,"km1,k2"
484,56.91884454790103,11.880356947186716,3238540.916011026,293506.58330191474,187.1395379853431,-3.2498,-4.0684,0.3221992592495534,82,"km1,k2"
485,2.253448582345324,7.122086878005647,69772248.94541784,4851.714397855256,0.8873375167844411,-3.2498,-4.0684,8.211605755668785,78,"km1,k2"
486,2.1710447621227926,19.817629805730604,25074846.16144205,3702.986946651325,1.089898940924876,-3.2498,-4.0684,22.36749447250059,96,"km1,k2"
487,2.749534866456739,11.880356947186716,15031975.352954859,3129.374356466278,1.8903282837926692,-3.2498,-4.0684,0.32044584984750624,85,"km1,k2"
488,2.2594881940042866,19.817629805730604,9011432.475278959,10636.908050668535,19.71573445961234,-3.2498,-4.0684,0.3222429694106227,94,"km1,k2"
489,1.614495894613273,4.269578912767583,41827364.35211033,5514.716424149337,0.8942419028920225,-3.2498,-4.0684,0.5365637366828422,67,"km1,k2"
490,30.340413952435707,19.817629805730604,3238540.916011026,367474.5198368353,308.9286925837521,-3.2498,-4.0684,0.3685989483145682,92,"km1,k2"
491,5.185229140844579,19.817629805730604,15031975.352954859,4608.122543467882,2.48348071209651,-3.2498,-4.0684,0.33194638283684635,95,"km1,k2"
492,152.48247957246323,19.817629805730604,1941454.273162086,698661.5573068853,693.7626577924772,-3.2498,-4.0684,0.3223227548007095,91,"km1,k2"
493,2.1454070908166174,19.817629805730604,69772248.94541784,3801.72868044251,1.067932610639911,-3.2498,-4.0684,0.7173473828047623,98,"km1,k2"
494,2.974255222675125,11.880356947186716,25074846.16144205,3189.035531083533,1.0425898848621094,-3.2498,-4.0684,0.3862410095271088,86,"km1,k2"
495,2.1032576429716774,11.880356947186716,69772248.94541784,3693.035506755843,1.0030361693235261,-3.2498,-4.0684,6.755795768367327,88,"km1,k2"
496,807.4036347200353,19.817629805730604,5402211.841742365,199281.70939369337,63.940974072001154,-3.2498,-4.0684,0.323294468534945,93,"km1,k2"
497,1.7513665549938215,11.880356947186716,116387125.94750775,3681.108690627499,0.8022541632098579,-3.2498,-4.0684,9.422339442333296,89,"km1,k2"
498,1.236058927006317,11.880356947186716,9011432.475278959,312.5057670264098,0.6342829695811067,-3.2498,-4.0684,0.31601365467974674,84,"km1,k2"
499,1.48013971264103,19.817629805730604,116387125.94750775,4171.37730219657,1.1091223378344952,-3.2498,-4.0684,1.8990884710143594,99,"km1,k2"
500,2.1900986188581406,0.3305779892497112,11638723.947628794,8117.350164002651,1.0574308306511706,-3.2498,-4.0684,2.8705533562050745,16,"km1,km2"
501,2.1901055566229406,0.19817629805730608,11638712.594750768,37677.401879759585,1.0574367021712527,-3.2498,-4.0684,45.16702263587956,9,"km1,km2"
502,2.1901055566229406,0.19817629805730608,11638712.594750768,22587.00901985313,1.0574367021712527,-3.2498,-4.0684,35.114408794447094,8,"km1,km2"
503,2.190141661415847,0.19817629805730608,11638677.476819793,13540.556169213809,1.057413020114121,-3.2498,-4.0684,17.246699108664572,7,"km1,km2"
504,2.161896588385532,0.3305779892497112,11632485.24099108,13540.556169213809,1.0598397641731188,-3.2498,-4.0684,19.30544989908265,17,"km1,km2"
505,3.607594992573924,0.3305779892497112,13266992.989870135,22587.00901985313,1.1074429309698588,-3.2498,-4.0684,29.578561461856257,18,"km1,km2"
506,2.365155432065311,0.3305779892497112,14985498.397993112,2917.224393327944,0.30651447442737645,-3.2498,-4.0684,2.1770868354796433,14,"km1,km2"
507,1.8947923613782427,0.19817629805730608,10415969.26878835,8117.350164002651,1.3261597532277265,-3.2498,-4.0684,0.7224126468344967,6,"km1,km2"
508,5.9813204573004395,0.3305779892497112,3293630.185194343,1748.83007844633,0.9584697308161538,-3.2498,-4.0684,0.3183513256062599,13,"km1,km2"
509,3.608396753996958,0.19817629805730608,1449644.6543299824,1048.3960885126137,1.2993696422406176,-3.2498,-4.0684,0.32076094444021774,2,"km1,km2"
510,4.810661169384001,0.3305779892497112,5426658.390959639,1048.3960885126137,0.35647351742356603,-3.2498,-4.0684,0.3118684749574263,12,"km1,km2"
511,2.1782893339354246,0.3305779892497112,11252174.298803126,4866.223577643461,0.9884543666656187,-3.2498,-4.0684,1.0037224191224956,15,"km1,km2"
512,2.190120107785596,0.3305779892497112,11638797.327430645,376.7740187975955,1.0574568697173325,-3.2498,-4.0684,29.900454402508892,10,"km1,km2"
513,7.503195343275248,0.19817629805730608,778272.9109056832,628.4969431592942,1.419243814795041,-3.2498,-4.0684,0.31962929719672584,1,"km1,km2"
514,2.048881047879648,0.19817629805730608,12158788.719269715,4866.223577643461,0.7515392156891398,-3.2498,-4.0684,0.31739776578820367,5,"km1,km2"
515,0.017120651357449335,0.3305779892497112,8172922.676739238,628.4969431592942,2.703112311354059,-3.2498,-4.0684,0.32314336744598277,11,"km1,km2"
516,2.089838122884985,0.5514373214539585,11896986.834712386,13540.556169213809,1.1615852811674565,-3.2498,-4.0684,18.446005821516895,27,"km1,km2"
517,0.7797075083239784,0.19817629805730608,34578936.64431709,376.7740187975955,0.17674431604730945,-3.2498,-4.0684,26.618276203874238,0,"km1,km2"
518,6.5883657936530025,0.5514373214539585,7731097.969890577,376.7740187975955,0.7300803706889092,-3.2498,-4.0684,27.919691240517743,20,"km1,km2"
519,52.53786853951753,0.3305779892497112,6689649.768342191,37677.401879759585,9.872021744158614,-3.2498,-4.0684,0.3355156146260657,19,"km1,km2"
520,2.2525582257794454,0.5514373214539585,13794645.860750299,2917.224393327944,0.4449183284406151,-3.2498,-4.0684,0.32876595564850697,24,"km1,km2"
521,2.1057202983216,0.5514373214539585,11531563.730307,37677.401879759585,1.083760959543702,-3.2498,-4.0684,46.21755874319854,29,"km1,km2"
522,1.499313836146523,0.5514373214539585,11286581.999784049,8117.350164002651,1.5674678422097532,-3.2498,-4.0684,0.5023018457608291,26,"km1,km2"
523,0.6009001206864828,0.19817629805730608,12485155.236812208,1748.83007844633,0.3237792776624431,-3.2498,-4.0684,0.3107290986794098,3,"km1,km2"
524,0.7995152260736706,0.5514373214539585,14216311.11249866,22587.00901985313,2.986161812042071,-3.2498,-4.0684,7.041072580706571,28,"km1,km2"
525,1.8956805059160993,0.19817629805730608,9942027.864614543,2917.224393327944,0.9019513044246872,-3.2498,-4.0684,6.261790118573469,4,"km1,km2"
526,2.3401011772960425,0.9198528921495097,11517454.887485553,13540.556169213809,1.2146607628061248,-3.2498,-4.0684,21.678359319753753,37,"km1,km2"
527,3.732365696870257,0.5514373214539585,3387419.625265987,1748.83007844633,1.0123562840218114,-3.2498,-4.0684,0.31884084047709305,23,"km1,km2"
528,1.5912071167823623,0.9198528921495097,15088530.549939549,8117.350164002651,1.220875364421281,-3.2498,-4.0684,1.438022836011387,36,"km1,km2"
529,2.7113271680701336,0.9198528921495097,9430881.552698165,1048.3960885126137,0.3098441641145431,-3.2498,-4.0684,1.3304493518219338,32,"km1,km2"
530,2.1964663697227516,0.9198528921495097,11871558.86497122,4866.223577643461,1.0293336521049175,-3.2498,-4.0684,0.35210713820958983,35,"km1,km2"
531,2.346237859074619,0.5514373214539585,10555819.617758347,4866.223577643461,1.0318040152947936,-3.2498,-4.0684,0.4212362581864914,25,"km1,km2"
532,1.7459127107612198,0.9198528921495097,11624897.989801472,2917.224393327944,0.702753773474446,-3.2498,-4.0684,0.45712116682449533,34,"km1,km2"
533,7.980601339274912,0.9198528921495097,7523015.892595247,22587.00901985313,5.495657734764791,-3.2498,-4.0684,0.37788419019320646,38,"km1,km2"
534,1.5862912359182952,0.9198528921495097,11309340.48481455,628.4969431592942,0.15528468146960406,-3.2498,-4.0684,0.30063055359623625,31,"km1,km2"
535,2.112369020517236,0.5514373214539585,5218482.365937939,628.4969431592942,0.26479619729466,-3.2498,-4.0684,0.30825172996636385,21,"km1,km2"
536,30.990176693920905,0.9198528921495097,11111176.189457577,37677.401879759585,5.299353468606877,-3.2498,-4.0684,0.8248236112012164,39,"km1,km2"
537,1.672684849082727,0.5514373214539585,4094685.966459263,1048.3960885126137,0.5938558194193391,-3.2498,-4.0684,0.321353058912205,22,"km1,km2"
538,0.03499651691271444,0.9198528921495097,19274499.744556736,376.7740187975955,0.9189917684984217,-3.2498,-4.0684,0.3180368704724685,30,"km1,km2"
539,3.3078871591407983,0.9198528921495097,13154644.151101248,1748.83007844633,0.30212389546544416,-3.2498,-4.0684,0.32912030097953526,33,"km1,km2"
540,2.1078014927426207,1.5344071035396247,11993057.916663779,4866.223577643461,1.096995192582917,-3.2498,-4.0684,0.6163906152365238,45,"km1,km2"
541,68.56521395728082,1.5344071035396247,133531183.05323252,37677.401879759585,50.19978166167937,-3.2498,-4.0684,29.928115101327027,49,"km1,km2"
542,3.473019005509424,1.5344071035396247,7329635.438768446,1748.83007844633,0.5926163339403199,-3.2498,-4.0684,0.31554739411049354,43,"km1,km2"
543,3.472585389380339,1.5344071035396247,40255254.65118295,22587.00901985313,0.9145859938344272,-3.2498,-4.0684,6.63563574328085,48,"km1,km2"
544,1.3450340759975914,1.5344071035396247,9205174.917363038,13540.556169213809,1.9136742407637306,-3.2498,-4.0684,28.887003357704746,47,"km1,km2"
545,2.3638115073389234,1.5344071035396247,1600421.0852584615,376.7740187975955,0.6680889235362244,-3.2498,-4.0684,0.31636121939140927,40,"km1,km2"
546,2.587513276416875,1.5344071035396247,15339663.021663986,8117.350164002651,1.1434387157789825,-3.2498,-4.0684,2.325734368893618,46,"km1,km2"
547,2.4809226081338496,1.5344071035396247,10089680.98077327,2917.224393327944,0.9364427146425682,-3.2498,-4.0684,1.0748188160854921,44,"km1,km2"
548,2.1900230117309816,2.559545313698035,11638790.795753175,2917.224393327944,1.0574255439860583,-3.2498,-4.0684,0.83617803152291,54,"km1,km2"
549,2.3398161781532028,1.5344071035396247,4296984.566982713,628.4969431592942,0.43472079402624697,-3.2498,-4.0684,0.36246454891710544,41,"km1,km2"
550,3.1448807412768316,1.5344071035396247,9679829.872763772,1048.3960885126137,0.3585702766297567,-3.2498,-4.0684,2.1814823323626156,42,"km1,km2"
551,0.17443268575036464,2.559545313698035,14211489.901809135,628.4969431592942,1.176370424048795,-3.2498,-4.0684,0.3235195761050702,51,"km1,km2"
552,2.3161723170995465,2.559545313698035,12083918.316858605,4866.223577643461,1.2337101683715797,-3.2498,-4.0684,1.2904010584616286,55,"km1,km2"
553,3.2155900250401697,2.559545313698035,9851148.567670628,8117.350164002651,1.2391770505145328,-3.2498,-4.0684,17.064052181227186,56,"km1,km2"
554,3.060774672757267,2.559545313698035,13864986.211299596,13540.556169213809,1.2998963317593768,-3.2498,-4.0684,22.539823694099567,57,"km1,km2"
555,1.388881968344326,4.269578912767583,20259598.740034193,1048.3960885126137,0.36435903318268315,-3.2498,-4.0684,0.31175759004430365,62,"km1,km2"
556,2.1246992733598544,2.559545313698035,14703313.158355407,1748.83007844633,0.4812604534681044,-3.2498,-4.0684,0.44203418457142796,53,"km1,km2"
557,102.32349384412161,4.269578912767583,304784473.1186168,37677.401879759585,22.057118405647977,-3.2498,-4.0684,29.928115101319463,69,"km1,km2"
558,1.9459246200771774,4.269578912767583,12798681.265759306,2917.224393327944,1.2030651608933294,-3.2498,-4.0684,0.3659202262599015,64,"km1,km2"
559,2.1285393790942444,4.269578912767583,13105763.962187862,1748.83007844633,0.657264822581741,-3.2498,-4.0684,0.398434710809516,63,"km1,km2"
560,244.6588530889393,4.269578912767583,162629718.60159028,22587.00901985313,609.6181888381279,-3.2498,-4.0684,29.92811510102898,68,"km1,km2"
561,2.57144121958088,4.269578912767583,13497895.884743925,4866.223577643461,0.90861797643773,-3.2498,-4.0684,12.489430113112633,65,"km1,km2"
562,5.7565388496138885,2.559545313698035,30557873.257858176,22587.00901985313,1.030671269002342,-3.2498,-4.0684,11.801301612857571,58,"km1,km2"
563,0.47772789721305187,2.559545313698035,2726843.188920854,376.7740187975955,1.498096796259143,-3.2498,-4.0684,0.3217680504153906,50,"km1,km2"
564,3.866815944904415,2.559545313698035,7820749.685664053,1048.3960885126137,0.3849267251946715,-3.2498,-4.0684,0.31227921076184856,52,"km1,km2"
565,7.017311929228688,4.269578912767583,20006477.730303306,13540.556169213809,0.8913564372251854,-3.2498,-4.0684,17.943290468450375,67,"km1,km2"
566,3.107162433336139,4.269578912767583,12497276.73697633,8117.350164002651,1.2444207607554958,-3.2498,-4.0684,18.470126258371085,66,"km1,km2"
567,2.298131016471808,7.122086878005647,14398829.572017102,2917.224393327944,1.0957434415456992,-3.2498,-4.0684,2.8413026138941815,74,"km1,km2"
568,0.3425260623722226,4.269578912767583,9539267.89104424,376.7740187975955,0.8933663266232392,-3.2498,-4.0684,0.33733787986711955,60,"km1,km2"
569,51.70923947981032,7.122086878005647,120196903.17787328,13540.556169213809,41.996158794369954,-3.2498,-4.0684,29.928115101301124,77,"km1,km2"
570,106.51690245516419,7.122086878005647,1148157347.6905072,37677.401879759585,265.0691434381763,-3.2498,-4.0684,29.928115101114976,79,"km1,km2"
571,124.750685026476,2.559545313698035,1206723.2721632493,37677.401879759585,53.774219561382615,-3.2498,-4.0684,0.3276628273114931,59,"km1,km2"
572,0.2553268946684195,4.269578912767583,11295460.12788959,628.4969431592942,1.6883646077683103,-3.2498,-4.0684,0.3200857572257474,61,"km1,km2"
573,2.8076786192634127,7.122086878005647,9108603.407923471,4866.223577643461,1.3009373182035362,-3.2498,-4.0684,24.46265884037288,75,"km1,km2"
574,2.967285119784387,7.122086878005647,6780813.710712298,376.7740187975955,0.467702284688696,-3.2498,-4.0684,3.907268748686846,70,"km1,km2"
575,1.8007163068978573,7.122086878005647,29680060.150314752,8117.350164002651,2.2342456032636333,-3.2498,-4.0684,0.36831234299801785,76,"km1,km2"
576,914.9630470147356,11.880356947186716,911814564.8312577,37677.401879759585,163.01575165317868,-3.2498,-4.0684,29.928115101241787,89,"km1,km2"
577,2.190113702465804,7.122086878005647,11638945.202405907,1048.3960885126137,1.0574555810103528,-3.2498,-4.0684,6.119455581909226,72,"km1,km2"
578,146.65633064273933,11.880356947186716,955885321.5699995,13540.556169213809,74.55470391102006,-3.2498,-4.0684,29.928115101165083,87,"km1,km2"
579,95.20776589919396,11.880356947186716,573449206.9914455,22587.00901985313,102.89669128525941,-3.2498,-4.0684,29.928115101242785,88,"km1,km2"
580,2.100826411784298,11.880356947186716,7644011.939943144,2917.224393327944,1.6694708727186365,-3.2498,-4.0684,26.150281552836873,84,"km1,km2"
581,2.2464464458440165,7.122086878005647,11725269.069524609,1748.83007844633,1.0535413506278544,-3.2498,-4.0684,0.32407408287838335,73,"km1,km2"
582,62.600938980514144,7.122086878005647,5408028.299353787,22587.00901985313,11.780492875852001,-3.2498,-4.0684,4.609354957760365,78,"km1,km2"
583,95.6331613017769,19.817629805730604,668456135.1673801,4866.223577643461,52.96227683411417,-3.2498,-4.0684,29.92811510309246,95,"km1,km2"
584,207.43783206169672,19.817629805730604,3464916159.0907364,13540.556169213809,7.582620733781901,-3.2498,-4.0684,29.928115101388357,97,"km1,km2"
585,22.148453983181845,19.817629805730604,1724657720.4640117,22587.00901985313,150.77515975241747,-3.2498,-4.0684,29.92811510102115,98,"km1,km2"
586,1.203790034482895,7.122086878005647,9104869.997294733,628.4969431592942,0.8168703374426145,-3.2498,-4.0684,0.318174828227749,71,"km1,km2"
587,445.1233336756978,19.817629805730604,588865140.8672181,37677.401879759585,210.19903723821278,-3.2498,-4.0684,29.928115101257724,99,"km1,km2"
588,2.0883376358751655,11.880356947186716,11401453.581987996,1048.3960885126137,1.0744364372191288,-3.2498,-4.0684,0.32941478833992915,82,"km1,km2"
589,2.1901055566229406,19.817629805730604,11638712.594750768,2917.224393327944,1.0574367021712527,-3.2498,-4.0684,39.6489802255849,94,"km1,km2"
590,0.01766122031522044,11.880356947186716,202133370.97940663,8117.350164002651,46.556833261034505,-3.2498,-4.0684,0.3225648806209588,86,"km1,km2"
591,2.6361070346149753,11.880356947186716,11828462.969168363,1748.83007844633,1.0430907879160851,-3.2498,-4.0684,3.449954549708112,83,"km1,km2"
592,7.22330785637349,11.880356947186716,5230090.5224541295,4866.223577643461,1.6640779565174526,-3.2498,-4.0684,25.108727914520586,85,"km1,km2"
593,2.9105748665134197,19.817629805730604,8310652.065602255,1748.83007844633,1.6083897113461183,-3.2498,-4.0684,11.297887038766635,93,"km1,km2"
594,2.3661255099912926,19.817629805730604,11634519.900443284,1048.3960885126137,1.0758570309374376,-3.2498,-4.0684,3.587217444722315,92,"km1,km2"
595,2.2545143624786705,19.817629805730604,11512670.276744952,628.4969431592942,0.8987687241089801,-3.2498,-4.0684,0.3340799449170028,91,"km1,km2"
596,0.8294325750419977,11.880356947186716,10561284.440692753,628.4969431592942,1.5360620767843223,-3.2498,-4.0684,0.33175498698556194,81,"km1,km2"
597,46.53548396041717,19.817629805730604,43302731.991338365,8117.350164002651,0.27278094252549323,-3.2498,-4.0684,10.151426474329057,96,"km1,km2"
598,2.539714887062163,11.880356947186716,4705592.769495205,376.7740187975955,0.7825040306491164,-3.2498,-4.0684,0.3171453413363356,80,"km1,km2"
599,2.641870123730995,19.817629805730604,8716208.01214358,376.7740187975955,0.6311257296246391,-3.2498,-4.0684,0.3162792949998191,90,"km1,km2"
600,2.1901055566229406,0.3305779892497112,11638712.594750768,3767.740187975955,0.10574367021712527,-3.2498,-4.0684,45.758979139611995,10,"km1,kcat"
601,2.6823833228524925,0.19817629805730608,12014743.194540633,3183.592086476427,0.4908186389050408,-3.2498,-4.0684,0.31428529229812396,3,"km1,kcat"
602,17.253225574863812,0.19817629805730608,32262246.91807172,2339.1400770117316,0.10574367021712527,-3.2498,-4.0684,1.9008413592656226,0,"km1,kcat"
603,2.058509818133891,0.3305779892497112,11760397.129281098,3684.871403279761,0.29423804378655144,-3.2498,-4.0684,18.64142834717242,12,"km1,kcat"
604,2.1521262376321935,0.19817629805730608,17950817.768247508,3344.4655533472933,0.29423804378655144,-3.2498,-4.0684,1.5009682264918007,2,"km1,kcat"
605,1.2756061230892621,0.19817629805730608,8091648.587323241,5612.577431597377,1.3657320184637252,-3.2498,-4.0684,0.32038918804965966,5,"km1,kcat"
606,2.9837891505581706,0.19817629805730608,3198252.204157137,4061.8122012162744,2.2781783136706597,-3.2498,-4.0684,0.3307034467183353,6,"km1,kcat"
607,1.4243619029846295,0.3305779892497112,11992058.254853614,4651.672296983144,0.8187348352253002,-3.2498,-4.0684,0.3176502162215207,14,"km1,kcat"
608,2.96614940794207,0.3305779892497112,15225282.571459062,48407.898340056694,10.574367021712527,-3.2498,-4.0684,7.902645024169947,19,"km1,kcat"
609,1.324032230755381,0.3305779892497112,11447584.173862683,3992.6741583051644,1.3657320184637252,-3.2498,-4.0684,8.720902513122546,15,"km1,kcat"
610,0.23715860915119014,0.19817629805730608,5960112.767869819,7133.616036510286,3.8002304688715505,-3.2498,-4.0684,0.3260950549776498,7,"km1,kcat"
611,3.185696695413198,0.3305779892497112,4774573.077213132,8928.993198545339,3.8002304688715505,-3.2498,-4.0684,0.5068972328311784,17,"km1,kcat"
612,3.9632655215044537,0.3305779892497112,1345386.817947105,1691.3147522828522,2.2781783136706597,-3.2498,-4.0684,0.3397288337811376,16,"km1,kcat"
613,1.4662559523680976,0.5514373214539585,19554561.04306791,5208.486229348776,0.10574367021712527,-3.2498,-4.0684,45.625403408964544,20,"km1,kcat"
614,2.2238230635376133,0.19817629805730608,10336786.508573571,4569.841940182124,0.8187348352253002,-3.2498,-4.0684,0.3204757173115018,4,"km1,kcat"
615,2.184310586721267,0.3305779892497112,11984584.929658094,3746.398793906925,0.4908186389050408,-3.2498,-4.0684,2.3104415197623682,13,"km1,kcat"
616,1.9033007838507419,0.19817629805730608,18058923.5179261,1634.7776221196048,0.1763910730946925,-3.2498,-4.0684,0.30319617030518536,1,"km1,kcat"
617,2.1901054438730974,0.5514373214539585,11638707.58810887,3767.7392129835853,0.29423804378655144,-3.2498,-4.0684,22.734377376667183,22,"km1,kcat"
618,4.174431479387895,0.3305779892497112,15039072.274692807,17640.78001753629,6.339166486608666,-3.2498,-4.0684,17.565505395654434,18,"km1,kcat"
619,1.8380739411101308,0.19817629805730608,9507629.256260958,3836.7119242748995,6.339166486608666,-3.2498,-4.0684,28.27920932327377,8,"km1,kcat"
620,1.5872440347745447,0.5514373214539585,5598740.567168863,5545.383717127048,2.2781783136706597,-3.2498,-4.0684,0.320558954135005,26,"km1,kcat"
621,2.1903299111451653,0.9198528921495097,11638870.00465748,3768.274337094109,0.1763910730946925,-3.2498,-4.0684,41.71229727676757,31,"km1,kcat"
622,2.1901240597447247,0.9198528921495097,11638696.425807867,3767.7687095638553,0.29423804378655144,-3.2498,-4.0684,27.327515140198564,32,"km1,kcat"
623,2.1018508527588464,0.5514373214539585,10884754.141007137,4117.8272550277,0.8187348352253002,-3.2498,-4.0684,0.3175118610985548,24,"km1,kcat"
624,5.7695068550307695,0.3305779892497112,12397867.755736014,280.8594558039451,0.1763910730946925,-3.2498,-4.0684,21.52814150890308,11,"km1,kcat"
625,2.1901408421717377,0.9198528921495097,11641947.86749276,3768.5213884582176,0.8187348352253002,-3.2498,-4.0684,0.3625389271128994,34,"km1,kcat"
626,1.8326744046004535,0.5514373214539585,8565564.586478123,5246.361127013499,1.3657320184637252,-3.2498,-4.0684,0.31927028748849795,25,"km1,kcat"
627,26.547082951018943,0.9198528921495097,78774451.65229277,12850.548994577952,0.10574367021712527,-3.2498,-4.0684,28.577959484351947,30,"km1,kcat"
628,9.646690484497128,0.5514373214539585,12708711.28146792,1223.3816372380236,0.1763910730946925,-3.2498,-4.0684,0.308900559213685,21,"km1,kcat"
629,2.4599552040456056,0.9198528921495097,8172297.604850549,4740.186360126067,1.3657320184637252,-3.2498,-4.0684,0.31932000533480115,35,"km1,kcat"
630,2.589014322684905,0.9198528921495097,10995377.490434708,2320.131191365399,0.4908186389050408,-3.2498,-4.0684,0.31508938480005644,33,"km1,kcat"
631,1.8967697397031387,0.5514373214539585,13796023.955568982,3047.4381281002984,0.4908186389050408,-3.2498,-4.0684,0.3143495747254731,23,"km1,kcat"
632,189.32056358900306,0.9198528921495097,14849578.951260349,79641.74359524398,10.574367021712527,-3.2498,-4.0684,0.9538463957895118,39,"km1,kcat"
633,2.04192131560725,1.5344071035396247,12035288.869541781,3743.489965367162,0.29423804378655144,-3.2498,-4.0684,32.946393316252596,42,"km1,kcat"
634,2.190027994731725,1.5344071035396247,11638623.1027307,3767.660228380424,0.8187348352253002,-3.2498,-4.0684,1.0626427742913007,44,"km1,kcat"
635,1.508298715371983,1.5344071035396247,14698151.327319287,2779.553357011518,0.4908186389050408,-3.2498,-4.0684,3.4360207080737424,43,"km1,kcat"
636,1.3482658069170066,0.5514373214539585,10932685.888081662,7417.498870599915,3.8002304688715505,-3.2498,-4.0684,13.53418276633668,27,"km1,kcat"
637,1.7853766499245451,0.5514373214539585,5500958.589932955,13266.811406101186,6.339166486608666,-3.2498,-4.0684,1.1639045706364681,28,"km1,kcat"
638,7.427274902956693,1.5344071035396247,8022450.105524096,669.5897294123848,0.1763910730946925,-3.2498,-4.0684,0.3031185095662602,41,"km1,kcat"
639,0.7686384087774469,0.9198528921495097,6904227.074205759,4355.343598648202,2.2781783136706597,-3.2498,-4.0684,0.37662127201684636,36,"km1,kcat"
640,4.326900357005683,0.9198528921495097,5352669.01977415,9767.030177697452,3.8002304688715505,-3.2498,-4.0684,0.32186925938774474,37,"km1,kcat"
641,1.748227445337701,1.5344071035396247,11289311.574958147,4792.005663527686,1.3657320184637252,-3.2498,-4.0684,0.31931058258951106,45,"km1,kcat"
642,1.8557777813908083,1.5344071035396247,7859695.944502923,5834.583432732736,2.2781783136706597,-3.2498,-4.0684,0.3319955281910826,46,"km1,kcat"
643,2.5436272782018916,1.5344071035396247,3096465.847727396,4301.529583846575,3.8002304688715505,-3.2498,-4.0684,0.32151580744511266,47,"km1,kcat"
644,4.523222800293417,2.559545313698035,11791718.017039103,1420.7563847641431,0.29423804378655144,-3.2498,-4.0684,0.7146819021023643,52,"km1,kcat"
645,3.7589865749880618,2.559545313698035,2950510.0826244648,3590.0184334430123,3.8002304688715505,-3.2498,-4.0684,0.5522080379832097,57,"km1,kcat"
646,23.899240247741346,2.559545313698035,60261275.39518057,9698.924195487403,0.1763910730946925,-3.2498,-4.0684,11.428170509321433,51,"km1,kcat"
647,1.4061055015034576,2.559545313698035,11495605.339233099,5434.095070079955,2.2781783136706597,-3.2498,-4.0684,0.32052413956284936,56,"km1,kcat"
648,0.15137880963205808,0.9198528921495097,11615896.723597892,6384.192430549307,6.339166486608666,-3.2498,-4.0684,0.40169652294241204,38,"km1,kcat"
649,4.2303264614005744,1.5344071035396247,1015274.6132030077,4628.091121992225,10.574367021712527,-3.2498,-4.0684,0.32281328405865667,49,"km1,kcat"
650,5.21164046306561,1.5344071035396247,1182251.357023385,3385.7128089902762,6.339166486608666,-3.2498,-4.0684,0.3216965645542347,48,"km1,kcat"
651,0.8833805383774107,2.559545313698035,11868090.876793453,7051.967077723946,6.339166486608666,-3.2498,-4.0684,6.081344521539881,58,"km1,kcat"
652,2.026868678517516,2.559545313698035,11757019.469634373,4081.764992701761,1.3657320184637252,-3.2498,-4.0684,0.32673776245009667,55,"km1,kcat"
653,95.48672805339967,1.5344071035396247,250245669.95520365,88717.35209959825,0.10574367021712527,-3.2498,-4.0684,45.13372238548878,40,"km1,kcat"
654,8.694829424896012,2.559545313698035,6034733.958301874,30242.665691329406,10.574367021712527,-3.2498,-4.0684,0.3980562439433673,59,"km1,kcat"
655,2.342004041852591,2.559545313698035,11808457.750597868,3810.708337120472,0.4908186389050408,-3.2498,-4.0684,22.56974650727725,53,"km1,kcat"
656,2.191134923835539,4.269578912767583,11644896.209580453,3771.5322247288395,0.1763910730946925,-3.2498,-4.0684,47.35241150022871,61,"km1,kcat"
657,3.550137180892518,4.269578912767583,11372151.125651265,4394.968876316083,0.4908186389050408,-3.2498,-4.0684,30.765903778433675,63,"km1,kcat"
658,2.12694545001622,2.559545313698035,14124143.91582951,3108.354698167296,0.8187348352253002,-3.2498,-4.0684,0.32731439303068277,54,"km1,kcat"
659,18.230290369370827,4.269578912767583,50731335.016513415,21900.051387275562,0.29423804378655144,-3.2498,-4.0684,32.2536840119633,62,"km1,kcat"
660,166.41844819950265,2.559545313698035,402879550.9093737,217410.54565282734,0.10574367021712527,-3.2498,-4.0684,46.29573701900822,50,"km1,kcat"
661,2.180543523100633,4.269578912767583,13069452.947657553,3390.550273686769,1.3657320184637252,-3.2498,-4.0684,0.36873497458306964,65,"km1,kcat"
662,2.6662309808316325,7.122086878005647,11125488.7915575,3994.093936034449,0.8187348352253002,-3.2498,-4.0684,28.189217926562826,74,"km1,kcat"
663,2.1623332409984757,4.269578912767583,9690461.64207855,4387.597461455664,2.2781783136706597,-3.2498,-4.0684,0.3251484329880826,66,"km1,kcat"
664,2.298487710665456,7.122086878005647,20054477.92280072,1668.3095799009361,0.4908186389050408,-3.2498,-4.0684,1.492442544590403,73,"km1,kcat"
665,1.457652468162879,7.122086878005647,11921473.15694129,462.37568673401597,0.1763910730946925,-3.2498,-4.0684,20.638286456027405,71,"km1,kcat"
666,2.1816301937870173,7.122086878005647,11813749.79787799,3763.0738420740677,2.2781783136706597,-3.2498,-4.0684,0.3343485799982779,76,"km1,kcat"
667,2.266198561641112,4.269578912767583,17965078.80985081,2966.7657288779515,0.8187348352253002,-3.2498,-4.0684,0.3172728849785941,64,"km1,kcat"
668,2.7591657596203456,7.122086878005647,12569445.720664158,3336.2946489179712,1.3657320184637252,-3.2498,-4.0684,1.4475255837183907,75,"km1,kcat"
669,1.0593507023889948,4.269578912767583,7645321.350924619,5981.444531079309,6.339166486608666,-3.2498,-4.0684,0.4474840946018329,68,"km1,kcat"
670,2.190676444469552,11.880356947186716,11639231.428966565,3768.54641978933,0.4908186389050408,-3.2498,-4.0684,46.77020912993392,83,"km1,kcat"
671,1.9368162083061575,4.269578912767583,9698526.899865178,4914.883095365808,3.8002304688715505,-3.2498,-4.0684,3.2009257826523774,67,"km1,kcat"
672,0.9498341862500459,7.122086878005647,11829500.134978287,5159.828757386633,6.339166486608666,-3.2498,-4.0684,0.3217032114148723,78,"km1,kcat"
673,57.39030015697467,7.122086878005647,163263708.8491379,24646.169993856674,0.29423804378655144,-3.2498,-4.0684,0.30922157707151177,72,"km1,kcat"
674,0.5477292514116279,4.269578912767583,10180695.061898928,7163.642282772909,10.574367021712527,-3.2498,-4.0684,0.3219649743814983,69,"km1,kcat"
675,0.06093350465456382,0.5514373214539585,921354333.5447373,314314.262468825,10.574367021712527,-3.2498,-4.0684,8.528529949545057,29,"km1,kcat"
676,4.097872414183868,11.880356947186716,10217647.226002075,2313.2244954674075,1.3657320184637252,-3.2498,-4.0684,0.6935730870768567,85,"km1,kcat"
677,0.21409548687430102,7.122086878005647,2558810.5259143882,452.1026307655668,10.574367021712527,-3.2498,-4.0684,0.3219831858931045,79,"km1,kcat"
678,10.810739837397465,11.880356947186716,143744201.16201615,95750.9780115857,0.29423804378655144,-3.2498,-4.0684,47.096888971221404,82,"km1,kcat"
679,1.9682227141994266,11.880356947186716,11991881.828762466,3789.4602148243016,3.8002304688715505,-3.2498,-4.0684,0.32130489778698207,87,"km1,kcat"
680,5.579828672993901,11.880356947186716,21143553.3833336,6741.688136803569,0.8187348352253002,-3.2498,-4.0684,17.874740915829832,84,"km1,kcat"
681,2.775562781856764,11.880356947186716,13183803.314810611,3646.811998896257,2.2781783136706597,-3.2498,-4.0684,0.6277295507709829,86,"km1,kcat"
682,1.853472588719058,19.817629805730604,15346402.522085097,3677.9717174993993,1.3657320184637252,-3.2498,-4.0684,35.82214483843026,95,"km1,kcat"
683,1.6512495630230086,11.880356947186716,9589992.446186056,4378.165641190666,6.339166486608666,-3.2498,-4.0684,0.3246113861586869,88,"km1,kcat"
684,2.073328021446428,19.817629805730604,11089496.265955504,3921.498365026623,6.339166486608666,-3.2498,-4.0684,0.3235426049328296,98,"km1,kcat"
685,2.128761365243362,7.122086878005647,11385720.511141565,3749.317458805123,3.8002304688715505,-3.2498,-4.0684,5.469720799651739,77,"km1,kcat"
686,2.6043141650896895,19.817629805730604,13151726.860009855,3666.159433424997,3.8002304688715505,-3.2498,-4.0684,0.533503465554355,97,"km1,kcat"
687,2.220925703578899,19.817629805730604,7318184.78141578,4601.485708110288,10.574367021712527,-3.2498,-4.0684,0.3251060559493508,99,"km1,kcat"
688,8.484623875007864,19.817629805730604,47846692.12698008,19235.695468267302,0.8187348352253002,-3.2498,-4.0684,28.78314465820727,94,"km1,kcat"
689,202.678554070923,11.880356947186716,1461398981.8669424,519613.5655544552,0.10574367021712527,-3.2498,-4.0684,44.846497169086945,80,"km1,kcat"
690,2.3785799680504307,11.880356947186716,4542467.749192207,4772.830107830391,10.574367021712527,-3.2498,-4.0684,0.33446517645973506,89,"km1,kcat"
691,180.15214142637305,7.122086878005647,1427546534.0580986,372380.7412316429,0.10574367021712527,-3.2498,-4.0684,38.76149680571528,70,"km1,kcat"
692,2.78421009287025,19.817629805730604,18029203.188547052,3027.638543205336,2.2781783136706597,-3.2498,-4.0684,0.34029979061308013,96,"km1,kcat"
693,89.19661244200572,4.269578912767583,660272720.431927,74744.04038386421,0.10574367021712527,-3.2498,-4.0684,15.202839615779434,60,"km1,kcat"
694,80.03502584205839,19.817629805730604,1493016171.185576,413438.3631646145,0.10574367021712527,-3.2498,-4.0684,42.92521576211831,90,"km1,kcat"
695,502.21456896128603,19.817629805730604,616267195.9350162,138987.30061682189,0.1763910730946925,-3.2498,-4.0684,21.462777866593054,91,"km1,kcat"
696,163.11412522120503,19.817629805730604,802961764.5376028,234558.01071483336,0.4908186389050408,-3.2498,-4.0684,1.006558913977114,93,"km1,kcat"
697,11.65643844933127,1.4476298926487527,1163871.2594750775,1048.3960885126137,1.6403696540513795,-3.2498,-4.0684,0.43290410995467055,2,"k2,km2"
698,2.1904658482642385,1.9821319624462128,1941454.273162086,628.4969431592942,1.0569434705403205,-3.2498,-4.0684,0.3185374269970866,11,"k2,km2"
699,2.6478103335223806,1.7199039766329092,1163871.2594750775,628.4969431592942,1.514496453500369,-3.2498,-4.0684,0.32263784675525065,1,"k2,km2"
700,1285.5193798330795,2138.763774739784,1163871.2594750775,37677.401879759585,103.74878082114913,-3.2498,-4.0684,4.808940067788546,9,"k2,km2"
701,2.8801019072301175,0.8487068558105801,1941454.273162086,1748.83007844633,1.1954456117976848,-3.2498,-4.0684,9.7209842219846,13,"k2,km2"
702,2.23665940081282,1.9642505866174003,1163871.2594750775,376.7740187975955,1.0459304828061011,-3.2498,-4.0684,0.31844887223505086,0,"k2,km2"
703,19.412413446984097,124.60725285959909,1163871.2594750775,4866.223577643461,53.508013448386336,-3.2498,-4.0684,0.3223114227913784,5,"k2,km2"
704,2.0241816870790394,3.679793647993468,1941454.273162086,376.7740187975955,0.9450146762596647,-3.2498,-4.0684,0.31881999799924843,10,"k2,km2"
705,119.92398943180237,181.8833685333256,1941454.273162086,13540.556169213809,30.009931267164706,-3.2498,-4.0684,0.32234652201776615,17,"k2,km2"
706,38.126189533924396,41.58144345252487,1163871.2594750775,8117.350164002651,24.925363373301796,-3.2498,-4.0684,0.32225372951241515,6,"k2,km2"
707,71.56549489479445,70.22341952958243,1163871.2594750775,2917.224393327944,7.893210695832195,-3.2498,-4.0684,0.5196271176552035,4,"k2,km2"
708,2.34065722277602,1.4470354259814107,1941454.273162086,1048.3960885126137,1.4996110706118495,-3.2498,-4.0684,0.31964859576790783,12,"k2,km2"
709,772.5309686054323,13.63779105068104,1941454.273162086,22587.00901985313,20.13988457234688,-3.2498,-4.0684,0.32260132874145186,18,"k2,km2"
710,221.63753837772413,373.5021271349317,1163871.2594750775,22587.00901985313,89.25956428874633,-3.2498,-4.0684,0.32234623725591266,8,"k2,km2"
711,2.4263090760101766,1.0731316419980028,1163871.2594750775,1748.83007844633,3.6366811135357056,-3.2498,-4.0684,0.3352504735069731,3,"k2,km2"
712,33.63681665667429,66.13046505499977,1941454.273162086,8117.350164002651,21.23467234074029,-3.2498,-4.0684,0.32219116990999846,16,"k2,km2"
713,2.1901055566229406,1.9817629805730603,3238540.916011026,4866.223577643461,1.0574367021712527,-3.2498,-4.0684,42.25921368473355,25,"k2,km2"
714,585.8194990524764,458.0333668821146,1163871.2594750775,13540.556169213809,35.48091043771708,-3.2498,-4.0684,0.3223161162700682,7,"k2,km2"
715,8.835549381934449,3.7110773096217713,1941454.273162086,2917.224393327944,3.624316292715706,-3.2498,-4.0684,0.32290765780556185,14,"k2,km2"
716,2.1994538968808635,1.9836851139297984,3238540.916011026,1048.3960885126137,1.057628892474169,-3.2498,-4.0684,0.3184371791709083,22,"k2,km2"
717,1.6092920712175403,2.015386609292188,3238540.916011026,628.4969431592942,0.7484018143309255,-3.2498,-4.0684,0.3176667216329101,21,"k2,km2"
718,2.4255697301256656,1.912911614392447,5402211.841742365,628.4969431592942,0.357640716670099,-3.2498,-4.0684,0.3135510963285674,31,"k2,km2"
719,1.2055152798233775,3.656958030406355,3238540.916011026,376.7740187975955,0.8051051597364443,-3.2498,-4.0684,0.3176256625878303,20,"k2,km2"
720,2.198047696594866,1.9641660501875617,3238540.916011026,1748.83007844633,1.4896828053728557,-3.2498,-4.0684,1.2770178296899246,23,"k2,km2"
721,2.016751578632716,2.0534295740127475,5402211.841742365,1048.3960885126137,0.9054497265405337,-3.2498,-4.0684,2.908155885620906,32,"k2,km2"
722,78.49989882484401,98.17565476771634,3238540.916011026,13540.556169213809,11.696729278394947,-3.2498,-4.0684,4.062983180883087,27,"k2,km2"
723,2.5940168511465655,2.2535948780023385,5402211.841742365,8117.350164002651,1.1103951519116193,-3.2498,-4.0684,40.94662119884549,36,"k2,km2"
724,2.1918815060734977,1.9860604062540417,5402211.841742365,1748.83007844633,1.0575731597786993,-3.2498,-4.0684,0.3185008457654045,33,"k2,km2"
725,2.105408783393036,0.7972275439952381,3238540.916011026,2917.224393327944,2.1238760470613016,-3.2498,-4.0684,0.3204919820803373,24,"k2,km2"
726,205.15387972190976,457.499317596295,1941454.273162086,37677.401879759585,107.27324459868343,-3.2498,-4.0684,0.32235437373379827,19,"k2,km2"
727,17.678166912412397,98.24300651493652,3238540.916011026,8117.350164002651,27.960917792190592,-3.2498,-4.0684,0.32371572480991617,26,"k2,km2"
728,17.656042717796147,0.005071725904511215,5402211.841742365,13540.556169213809,10.831608953956756,-3.2498,-4.0684,15.08282971852582,37,"k2,km2"
729,2.312225356337816,1.641851786106305,5402211.841742365,2917.224393327944,1.4832965414517756,-3.2498,-4.0684,0.46586018808827223,34,"k2,km2"
730,2.4512929689582483,0.036126177416160976,5402211.841742365,4866.223577643461,1.5419200245450968,-3.2498,-4.0684,0.32732814882115185,35,"k2,km2"
731,9.37521140538045,122.5569318374126,5402211.841742365,22587.00901985313,100.90347599772824,-3.2498,-4.0684,0.3223873319879197,38,"k2,km2"
732,2.1741589845899636,1.9735966787566088,9011432.475278959,2917.224393327944,1.0581497862909766,-3.2498,-4.0684,0.318384222180096,44,"k2,km2"
733,592.4326080659874,698.7626671029503,3238540.916011026,22587.00901985313,25.526064192577476,-3.2498,-4.0684,0.33182999011536474,28,"k2,km2"
734,121.22568175421776,4.373118265134767,1941454.273162086,4866.223577643461,85.09092984097111,-3.2498,-4.0684,29.925486502937986,15,"k2,km2"
735,1.713427725356929,3.6582333147850994,5402211.841742365,376.7740187975955,0.378445375730887,-3.2498,-4.0684,0.31211614935136395,30,"k2,km2"
736,36.40886167880159,72.80850765508299,9011432.475278959,22587.00901985313,9.797749320872125,-3.2498,-4.0684,3.024790500687781,48,"k2,km2"
737,1.7919731140541924,2.1072676480554073,9011432.475278959,8117.350164002651,1.8992738753036806,-3.2498,-4.0684,11.619422684979767,46,"k2,km2"
738,20.73647505983227,5.502928285775618,9011432.475278959,13540.556169213809,3.2478134335167503,-3.2498,-4.0684,0.32118222695231596,47,"k2,km2"
739,2.039574580146076,6.22615161255526,9011432.475278959,376.7740187975955,0.2883904781871971,-3.2498,-4.0684,0.32445590629290005,40,"k2,km2"
740,153.6589005229948,704.3008538872156,3238540.916011026,37677.401879759585,110.70680954525425,-3.2498,-4.0684,0.32294148275128576,29,"k2,km2"
741,2.3059927879811064,0.8419685091685438,9011432.475278959,4866.223577643461,1.2194777406459933,-3.2498,-4.0684,0.3625092791909535,45,"k2,km2"
742,2.3452381511150127,2.7735747037739844,9011432.475278959,1048.3960885126137,0.4253169118116795,-3.2498,-4.0684,0.34636149610031164,42,"k2,km2"
743,2.0340901136333556,2.7142512514234096,9011432.475278959,1748.83007844633,0.5890010376252859,-3.2498,-4.0684,3.193749345749938,43,"k2,km2"
744,712.263437471852,1127.9625740856027,9011432.475278959,37677.401879759585,30.4471749331435,-3.2498,-4.0684,6.687726317781051,49,"k2,km2"
745,2.190090553052835,1.9817833263346714,15031975.352954859,22587.00901985313,1.0574115236571755,-3.2498,-4.0684,42.258149815259756,58,"k2,km2"
746,2.1901132064543836,1.982016237811882,15031975.352954859,4866.223577643461,1.057698460683714,-3.2498,-4.0684,0.3184613536984011,55,"k2,km2"
747,1.675161708111966,3.1163743201022633,9011432.475278959,628.4969431592942,0.3554102836354125,-3.2498,-4.0684,0.33808023626775735,41,"k2,km2"
748,851.0824572625829,3049.1132857221,5402211.841742365,37677.401879759585,54.97021853673245,-3.2498,-4.0684,0.3239934359737121,39,"k2,km2"
749,12.522645287694909,19.165437580247648,15031975.352954859,37677.401879759585,16.233870412067034,-3.2498,-4.0684,4.811201810170264,59,"k2,km2"
750,1.8439389609410388,3.5283611226779854,15031975.352954859,1748.83007844633,0.5829182269552369,-3.2498,-4.0684,0.31550135289201886,53,"k2,km2"
751,1.724075907354158,2.5895973462867925,15031975.352954859,2917.224393327944,0.8338457658941456,-3.2498,-4.0684,0.3174643314876443,54,"k2,km2"
752,2.1901055566229406,1.9817629805730603,25074846.16144205,376.7740187975955,1.0574367021712527,-3.2498,-4.0684,29.927159971397877,60,"k2,km2"
753,1.9421555871370706,1.4900354624459426,15031975.352954859,8117.350164002651,1.5267332720978537,-3.2498,-4.0684,0.4833364181899701,56,"k2,km2"
754,0.12686465702143512,4.713269374940023,15031975.352954859,628.4969431592942,2.7326728416503334,-3.2498,-4.0684,0.32101970367905114,51,"k2,km2"
755,1.238962124692378,2.254584644704816,15031975.352954859,1048.3960885126137,0.30612431760121694,-3.2498,-4.0684,0.7257498150633945,52,"k2,km2"
756,2.4010797349300588,1.9537849870916983,25074846.16144205,13540.556169213809,1.0737016754050654,-3.2498,-4.0684,7.5445458879415295,67,"k2,km2"
757,5.775425053185796,0.3405207978070821,15031975.352954859,13540.556169213809,1.0318617022865708,-3.2498,-4.0684,7.961230358869715,57,"k2,km2"
758,2.1901055566229406,1.9817629805730603,41827364.35211033,376.7740187975955,1.0574367021712527,-3.2498,-4.0684,29.928115081397443,70,"k2,km2"
759,2.1856086039478533,1.9845651942624296,25074846.16144205,8117.350164002651,1.0587569610036125,-3.2498,-4.0684,0.3183290858074833,66,"k2,km2"
760,2.1160110899999993,3.1776074360441253,25074846.16144205,1748.83007844633,0.2566731132873834,-3.2498,-4.0684,1.311604807606877,63,"k2,km2"
761,2.4119902246377056,2.376817636772413,25074846.16144205,4866.223577643461,0.6081735048719645,-3.2498,-4.0684,0.579365500218936,65,"k2,km2"
762,3416.6632061249834,459.9458393615803,69772248.94541784,376.7740187975955,89.82525419716957,-3.2498,-4.0684,29.92811509573938,80,"k2,km2"
763,1.0829496739820614,0.2146116725825351,25074846.16144205,22587.00901985313,1.9275298007648516,-3.2498,-4.0684,0.38289638481490856,68,"k2,km2"
764,0.061166226330100715,1.642001312951491,15031975.352954859,376.7740187975955,1.1988860856940864,-3.2498,-4.0684,0.31894426282310023,50,"k2,km2"
765,4.412345686346431,1.8186303514296172,25074846.16144205,1048.3960885126137,0.1004419360966955,-3.2498,-4.0684,0.390062605392543,62,"k2,km2"
766,82.67435075906918,8.26927485052419,25074846.16144205,628.4969431592942,0.10040534216768404,-3.2498,-4.0684,9.837191623348573,61,"k2,km2"
767,4.788452657610812,1.7425900099966891,25074846.16144205,37677.401879759585,2.9234250665892265,-3.2498,-4.0684,1.5175188666132713,69,"k2,km2"
768,2.190098867774003,1.9832252538666588,41827364.35211033,13540.556169213809,1.0563752065651815,-3.2498,-4.0684,0.3182766337873897,77,"k2,km2"
769,3.4627031104756005,5.007003919536453,25074846.16144205,2917.224393327944,0.5063564962907752,-3.2498,-4.0684,0.3482548219935051,64,"k2,km2"
770,3.985237691239867,3.7034778003642375,41827364.35211033,1048.3960885126137,0.08468612062812308,-3.2498,-4.0684,0.3304627556124805,72,"k2,km2"
771,2.1901268000146623,1.9817895795545013,41827364.35211033,628.4969431592942,1.0574532294505365,-3.2498,-4.0684,29.927174512636242,71,"k2,km2"
772,2.1901045869963216,1.9817628606886784,41827364.35211033,4866.223577643461,1.057437482787721,-3.2498,-4.0684,16.59600881360027,75,"k2,km2"
773,1.8306332969528807,2.0190372347676835,41827364.35211033,37677.401879759585,1.4820353082648752,-3.2498,-4.0684,19.634770064986114,79,"k2,km2"
774,2.161406562085269,1.5763612822918156,41827364.35211033,22587.00901985313,1.2134988135134557,-3.2498,-4.0684,3.128984359049093,78,"k2,km2"
775,2.9834625850801597,2.935534229249962,69772248.94541784,628.4969431592942,0.29702271746302755,-3.2498,-4.0684,28.479563988166788,81,"k2,km2"
776,189.39027895357668,0.015809738449056976,116387125.94750775,376.7740187975955,150.47237100007428,-3.2498,-4.0684,29.928115099978346,90,"k2,km2"
777,2.655580171658286,7.339285734289755,41827364.35211033,1748.83007844633,1.0636096100226458,-3.2498,-4.0684,21.735427979458713,73,"k2,km2"
778,374.67092799935665,331.4652825939441,116387125.94750775,628.4969431592942,94.98573678038726,-3.2498,-4.0684,29.928115092662892,91,"k2,km2"
779,2.1901055566229406,1.9817629805730603,69772248.94541784,22587.00901985313,1.0574367021712527,-3.2498,-4.0684,0.31819783545646735,88,"k2,km2"
780,0.09281331199407505,2.588485346080815,116387125.94750775,1048.3960885126137,1.6685592109808,-3.2498,-4.0684,21.114397431792902,92,"k2,km2"
781,1.438469968098203,5.447238098185282,69772248.94541784,4866.223577643461,0.7438993736404169,-3.2498,-4.0684,2.34225512394332,85,"k2,km2"
782,2.43710849078313,1.7784914069075812,69772248.94541784,37677.401879759585,1.0435989535240098,-3.2498,-4.0684,6.967089991282172,89,"k2,km2"
783,1.904603254029544,1.9416337270936084,41827364.35211033,8117.350164002651,0.9096901503777488,-3.2498,-4.0684,2.9843118844167846,76,"k2,km2"
784,0.020025731562345328,5.751995875343453,69772248.94541784,1048.3960885126137,7.441980221162369,-3.2498,-4.0684,0.321833794324936,82,"k2,km2"
785,2.1901055566229406,1.9817629805730603,116387125.94750775,37677.401879759585,1.0574367021712527,-3.2498,-4.0684,0.3182417936490938,99,"k2,km2"
786,0.020899073973003945,10.23419326467576,116387125.94750775,2917.224393327944,21.18851021989614,-3.2498,-4.0684,0.32235291502018504,94,"k2,km2"
787,2.0042650455041087,3.185893094556751,41827364.35211033,2917.224393327944,0.42855243150674327,-3.2498,-4.0684,3.1920341353568684,74,"k2,km2"
788,2.2308969247952155,2.4141159785692503,69772248.94541784,13540.556169213809,0.8159232645680634,-3.2498,-4.0684,1.1553753733594765,87,"k2,km2"
789,5.750635688062096,9.423330604863748,69772248.94541784,2917.224393327944,0.9205668093148938,-3.2498,-4.0684,24.13744185527435,84,"k2,km2"
790,2.1655859744919868,2.1244213729998576,116387125.94750775,22587.00901985313,1.0379359163197188,-3.2498,-4.0684,5.69633414416944,98,"k2,km2"
791,1.6425680784407213,1.9155640188206746,116387125.94750775,1748.83007844633,0.6963526896474241,-3.2498,-4.0684,29.595170342442824,93,"k2,km2"
792,2.040121984720384,2.358343559795396,116387125.94750775,13540.556169213809,0.9268064528913531,-3.2498,-4.0684,11.963770433853593,97,"k2,km2"
793,1.70175454611327,2.5464516791772587,116387125.94750775,8117.350164002651,0.7246115123857377,-3.2498,-4.0684,14.135373714766935,96,"k2,km2"
794,0.994026203727826,6.272608199500005,69772248.94541784,1748.83007844633,0.5857183352608764,-3.2498,-4.0684,8.938695229499789,83,"k2,km2"
795,1.858430817947336,2.573927122986872,69772248.94541784,8117.350164002651,0.5328681091900607,-3.2498,-4.0684,0.6989986035071076,86,"k2,km2"
796,1.787772857380757,3.3423244996205446,116387125.94750775,4866.223577643461,0.6163760815663983,-3.2498,-4.0684,17.62496556746908,95,"k2,km2"
797,6.193097275522648,0.04408972738057915,1163871.2594750775,5467.112119939641,0.4908186389050408,-3.2498,-4.0684,47.56070416003845,3,"k2,kcat"
798,2.195912825682634,2.002029317061268,1163871.2594750775,3810.2055329542227,0.1763910730946925,-3.2498,-4.0684,47.568733268261695,1,"k2,kcat"
799,2.1901140957154794,1.981783170985874,1163871.2594750775,3767.8020504392707,0.8187348352253002,-3.2498,-4.0684,47.53514732046643,4,"k2,kcat"
800,2.186368565460215,1.9873269287535318,1163871.2594750775,3768.9293505602013,10.574367021712527,-3.2498,-4.0684,0.32201230899851363,9,"k2,kcat"
801,2.209395554815715,1.9977135479001582,1163871.2594750775,3788.271427200317,0.29423804378655144,-3.2498,-4.0684,47.568597356699925,2,"k2,kcat"
802,28.85576476737963,2.6870745759749073,1941454.273162086,2269.0849759575904,0.29423804378655144,-3.2498,-4.0684,46.86745629846773,12,"k2,kcat"
803,0.44738038851243833,0.15507602061985803,1941454.273162086,1432.9973452526601,0.1763910730946925,-3.2498,-4.0684,47.39541057061351,11,"k2,kcat"
804,1.7227600821511495,1.0075211555961476,1941454.273162086,2809.606379916564,0.8187348352253002,-3.2498,-4.0684,42.86006952589126,14,"k2,kcat"
805,6.912146293466816,0.28804687359640924,1163871.2594750775,1641.718127596103,0.10574367021712527,-3.2498,-4.0684,47.56766105447924,0,"k2,kcat"
806,1.46644644450387,0.9107606562296857,1941454.273162086,1770.3068670787109,0.4908186389050408,-3.2498,-4.0684,43.97147738893095,13,"k2,kcat"
807,2.225076862101855,1.9864920535801827,1941454.273162086,3801.130407388838,6.339166486608666,-3.2498,-4.0684,0.3217242104801097,18,"k2,kcat"
808,6.829936022738028,0.16988467584922784,1163871.2594750775,6460.502222863696,2.2781783136706597,-3.2498,-4.0684,40.67032972628302,6,"k2,kcat"
809,2.910315178242054,1.5395025999557799,1941454.273162086,2810.2435387249207,3.8002304688715505,-3.2498,-4.0684,0.32161862789216533,17,"k2,kcat"
810,4.942113579400268,0.8579561910382887,1941454.273162086,2058.837625010212,1.3657320184637252,-3.2498,-4.0684,7.51116386741428,15,"k2,kcat"
811,3.2240248424116063,2.1533271699510235,1941454.273162086,1565.8174134181413,2.2781783136706597,-3.2498,-4.0684,0.3247180359780734,16,"k2,kcat"
812,2.076782421467129,1.6683573267606726,1163871.2594750775,1431.5861929925807,3.8002304688715505,-3.2498,-4.0684,0.32126384381692275,7,"k2,kcat"
813,7.16558647689787,0.24294754341084857,3238540.916011026,4851.264625082724,0.1763910730946925,-3.2498,-4.0684,47.55516167093159,21,"k2,kcat"
814,3.125731275901943,1.6976898621652263,1941454.273162086,379.0695295511827,0.10574367021712527,-3.2498,-4.0684,43.3514424002456,10,"k2,kcat"
815,2.194267511562216,1.982889963168669,3238540.916011026,3771.167019558853,0.10574367021712527,-3.2498,-4.0684,47.56859702626516,20,"k2,kcat"
816,3.1598463047731595,1.5109052768883942,1163871.2594750775,2960.0082323415763,6.339166486608666,-3.2498,-4.0684,0.32920322302836164,8,"k2,kcat"
817,71.98192477257724,21.446437423231647,1163871.2594750775,729.8828407687053,1.3657320184637252,-3.2498,-4.0684,0.3367671579891033,5,"k2,kcat"
818,2.1903027341020933,1.9819214577782023,3238540.916011026,3767.932376016795,0.29423804378655144,-3.2498,-4.0684,47.535426057608916,22,"k2,kcat"
819,2.0753187593794618,1.4372481007370954,3238540.916011026,3637.8955548268023,2.2781783136706597,-3.2498,-4.0684,4.9875826805700045,26,"k2,kcat"
820,31.860707590149907,8.55599565283369,5402211.841742365,586.4208953461126,0.10574367021712527,-3.2498,-4.0684,21.255893372750734,30,"k2,kcat"
821,1.9872498454227219,3.332621258031674,3238540.916011026,2483.722246065213,0.8187348352253002,-3.2498,-4.0684,40.7859470855006,24,"k2,kcat"
822,2.418340419163571,0.19754796820990972,3238540.916011026,4154.880711442867,1.3657320184637252,-3.2498,-4.0684,11.09430648633614,25,"k2,kcat"
823,1.3327498025825926,1.9193345341750931,3238540.916011026,4900.096560686296,6.339166486608666,-3.2498,-4.0684,0.3222860354581881,28,"k2,kcat"
824,1.6866845787893925,2.9421795732480853,1941454.273162086,4371.390553208175,10.574367021712527,-3.2498,-4.0684,0.3219577849933055,19,"k2,kcat"
825,2.1840496872184207,1.982514991623726,3238540.916011026,3772.339880451619,3.8002304688715505,-3.2498,-4.0684,0.32128463327280987,27,"k2,kcat"
826,2.1903030576846585,1.9819867053055389,5402211.841742365,3767.950669742241,0.8187348352253002,-3.2498,-4.0684,28.466912852211248,34,"k2,kcat"
827,84.96284716059569,7.83213542293535,5402211.841742365,287.76457849873,0.29423804378655144,-3.2498,-4.0684,16.944683166751076,32,"k2,kcat"
828,9.134953325021423,1.7448207207736735,3238540.916011026,2386.3697186732034,0.4908186389050408,-3.2498,-4.0684,31.75788283870899,23,"k2,kcat"
829,2.190215172043417,1.9813214137269082,5402211.841742365,3768.2880263643797,2.2781783136706597,-3.2498,-4.0684,0.320686733495358,36,"k2,kcat"
830,13.047288064539892,4.34763832776889,9011432.475278959,4417.861995351284,0.10574367021712527,-3.2498,-4.0684,47.46741871604051,40,"k2,kcat"
831,1.3240776215761407,2.3757000475170047,3238540.916011026,7288.1078592671265,10.574367021712527,-3.2498,-4.0684,0.3313860439749808,29,"k2,kcat"
832,6.972628054050717,5.625991216176894,5402211.841742365,1001.001278899424,0.4908186389050408,-3.2498,-4.0684,1.2646228588202217,33,"k2,kcat"
833,5.128644942783069,15.915396193352258,5402211.841742365,12035.839958419063,10.574367021712527,-3.2498,-4.0684,5.906194224317689,39,"k2,kcat"
834,2.375493609509076,4.330579534773895,5402211.841742365,1232.153628893389,0.1763910730946925,-3.2498,-4.0684,45.98657310803853,31,"k2,kcat"
835,4.092139974476012,0.5193845433709174,9011432.475278959,6181.296861111788,0.29423804378655144,-3.2498,-4.0684,41.78535685743924,42,"k2,kcat"
836,2.8242023090730197,2.686659529827282,5402211.841742365,10570.291783436338,6.339166486608666,-3.2498,-4.0684,0.35062405132864083,38,"k2,kcat"
837,2.4363990234789945,3.0341335611633555,9011432.475278959,1057.2585788981137,0.1763910730946925,-3.2498,-4.0684,25.926528252164534,41,"k2,kcat"
838,2.19044708569253,1.9821004615137876,9011432.475278959,3770.485882940031,1.3657320184637252,-3.2498,-4.0684,0.3192300797932107,45,"k2,kcat"
839,2.1657251927286953,2.0118985626766164,9011432.475278959,3159.1210462360077,0.8187348352253002,-3.2498,-4.0684,4.785946496972132,44,"k2,kcat"
840,1.6374080216955544,2.881119457823642,9011432.475278959,4265.555044599666,2.2781783136706597,-3.2498,-4.0684,0.3332156105903371,46,"k2,kcat"
841,5.7808326031466954,1.4334262400176878,9011432.475278959,521.9300005387048,0.4908186389050408,-3.2498,-4.0684,21.494818060214172,43,"k2,kcat"
842,2.1535223181427177,2.349207834834324,15031975.352954859,4355.288246699531,1.3657320184637252,-3.2498,-4.0684,2.5727725178889638,55,"k2,kcat"
843,2.190069282471577,1.9817927997958522,15031975.352954859,3767.6957941454903,0.29423804378655144,-3.2498,-4.0684,28.64244584665103,52,"k2,kcat"
844,1.0074513080247103,1.6834540262927051,5402211.841742365,4512.286844249077,3.8002304688715505,-3.2498,-4.0684,0.3217831365600643,37,"k2,kcat"
845,2.189455391709481,1.981526279562472,15031975.352954859,3765.4027977353094,0.8187348352253002,-3.2498,-4.0684,0.3173508700212364,54,"k2,kcat"
846,3.5446171303525995,1.516133610897565,5402211.841742365,3104.4418660749557,1.3657320184637252,-3.2498,-4.0684,0.3479745968105642,35,"k2,kcat"
847,21.272907228396576,18.13354127605693,9011432.475278959,8083.797204707846,10.574367021712527,-3.2498,-4.0684,21.149703007499454,49,"k2,kcat"
848,2.8615637220640524,1.8066676984141354,15031975.352954859,2656.341569337143,0.4908186389050408,-3.2498,-4.0684,0.31996228120531484,53,"k2,kcat"
849,0.8727712689520293,5.328623081676319,9011432.475278959,4776.079928482486,6.339166486608666,-3.2498,-4.0684,0.33019507938961384,48,"k2,kcat"
850,3.6025976692753163,4.0869906592106116,15031975.352954859,542.3390420749705,0.1763910730946925,-3.2498,-4.0684,2.305403572436486,51,"k2,kcat"
851,23.887900084979563,27.62755633571065,15031975.352954859,18405.40632873059,6.339166486608666,-3.2498,-4.0684,3.6482537864779414,58,"k2,kcat"
852,36.41340449259083,1.1386313487556214,15031975.352954859,1271.8836130775333,0.10574367021712527,-3.2498,-4.0684,5.532662986303496,50,"k2,kcat"
853,2.1901653993832513,1.9819645332402267,25074846.16144205,3767.88079721077,0.29423804378655144,-3.2498,-4.0684,9.884871519023857,62,"k2,kcat"
854,2.4950599140557057,1.5830836446491943,25074846.16144205,3895.203559554626,0.1763910730946925,-3.2498,-4.0684,24.584652797082267,61,"k2,kcat"
855,2.0117168700439025,2.54171635123994,25074846.16144205,4587.225459495855,0.8187348352253002,-3.2498,-4.0684,0.9589775474049688,64,"k2,kcat"
856,1.1140521692513068,3.8212252843591807,9011432.475278959,4526.86156781939,3.8002304688715505,-3.2498,-4.0684,0.32130406363224295,47,"k2,kcat"
857,2.1933997300052606,1.986679834973788,25074846.16144205,3754.3637013500143,0.4908186389050408,-3.2498,-4.0684,0.31447497055058915,63,"k2,kcat"
858,3.0066356729838404,1.0757097043937498,25074846.16144205,9847.993510533846,3.8002304688715505,-3.2498,-4.0684,22.587829560878742,67,"k2,kcat"
859,0.45337047700751953,3.083973026418482,15031975.352954859,4364.679433242914,3.8002304688715505,-3.2498,-4.0684,0.3341105268416065,57,"k2,kcat"
860,2.190103151203098,1.9817953250902858,41827364.35211033,3767.7336236685887,0.1763910730946925,-3.2498,-4.0684,10.127424143168232,71,"k2,kcat"
861,1.6670782904675616,1.991301021949289,25074846.16144205,2950.128327479666,0.10574367021712527,-3.2498,-4.0684,40.54567337084779,60,"k2,kcat"
862,3.058882280276646,2.4196639220769693,25074846.16144205,4446.536545115784,2.2781783136706597,-3.2498,-4.0684,22.618024568489602,66,"k2,kcat"
863,2.176211633177676,1.947069515636306,41827364.35211033,3744.8647007920454,0.29423804378655144,-3.2498,-4.0684,0.3095136966772291,72,"k2,kcat"
864,2.254204575685757,2.0110464554292418,41827364.35211033,3673.9935720212,0.10574367021712527,-3.2498,-4.0684,28.050454584874476,70,"k2,kcat"
865,331.20699110726713,83.57072407526161,15031975.352954859,31510.54490130696,10.574367021712527,-3.2498,-4.0684,13.814268112379304,59,"k2,kcat"
866,1.4237790835005466,2.5440904151778594,25074846.16144205,3959.209584430366,1.3657320184637252,-3.2498,-4.0684,8.52870600973181,65,"k2,kcat"
867,2.4176167250106007,2.185540572783639,41827364.35211033,3794.379111772602,0.4908186389050408,-3.2498,-4.0684,6.52160082293115,73,"k2,kcat"
868,3.6639843329857475,4.196644036994609,41827364.35211033,6379.888039432116,1.3657320184637252,-3.2498,-4.0684,14.33031786438067,75,"k2,kcat"
869,88.92392645800001,15.977110154933776,25074846.16144205,54847.577080012525,6.339166486608666,-3.2498,-4.0684,4.052959863005511,68,"k2,kcat"
870,16.63889641727174,86.74872793970015,41827364.35211033,23256.33651856689,10.574367021712527,-3.2498,-4.0684,8.36245683610706,79,"k2,kcat"
871,72.98840861864115,147.13987724575148,41827364.35211033,41379.737176053655,3.8002304688715505,-3.2498,-4.0684,3.4933468094790485,77,"k2,kcat"
872,1.8013885490690034,3.8234107010331693,15031975.352954859,4421.622192977403,2.2781783136706597,-3.2498,-4.0684,4.180544181954401,56,"k2,kcat"
873,737.211480925079,61.23830535448604,69772248.94541784,684414.1170053495,10.574367021712527,-3.2498,-4.0684,10.624154437734404,89,"k2,kcat"
874,1.9458818572051535,2.299363183120381,41827364.35211033,3971.6769651397667,0.8187348352253002,-3.2498,-4.0684,13.218013305450647,74,"k2,kcat"
875,7.373266572694229,8.375398949954954,41827364.35211033,11979.88559121216,2.2781783136706597,-3.2498,-4.0684,12.252995581848054,76,"k2,kcat"
876,3583.8724965214437,174.98324860776896,69772248.94541784,243375.80937140842,6.339166486608666,-3.2498,-4.0684,0.32736777907439285,88,"k2,kcat"
877,598.2205485746313,266.545684591523,41827364.35211033,303253.78158087545,6.339166486608666,-3.2498,-4.0684,28.94234037967005,78,"k2,kcat"
878,1.8535976148544573,1.6940239004421729,69772248.94541784,5148.288280212003,0.4908186389050408,-3.2498,-4.0684,10.557231956825266,83,"k2,kcat"
879,5.3595425978966915,42.52193116173902,116387125.94750775,138022.46428159083,6.339166486608666,-3.2498,-4.0684,29.385361319214486,98,"k2,kcat"
880,350.1544500010593,288.13603478585355,69772248.94541784,186121.20544650522,3.8002304688715505,-3.2498,-4.0684,19.595728271066285,87,"k2,kcat"
881,6.421601656372277,25.17438742252111,69772248.94541784,24991.9534731764,2.2781783136706597,-3.2498,-4.0684,3.2084546447467055,86,"k2,kcat"
882,19.73280719440273,25.682747260996113,116387125.94750775,52592.403880123544,2.2781783136706597,-3.2498,-4.0684,2.1900888284647286,96,"k2,kcat"
883,8.017762557092619,68.36364717957551,116387125.94750775,88676.89274375206,10.574367021712527,-3.2498,-4.0684,1.2416422863480734,99,"k2,kcat"
884,2.2326499762097103,1.9715274491434789,116387125.94750775,3736.2380968817015,0.10574367021712527,-3.2498,-4.0684,0.31274238469925575,90,"k2,kcat"
885,2.2008987022405906,1.9827100040644776,69772248.94541784,3764.572503369214,0.1763910730946925,-3.2498,-4.0684,0.31752537015754045,81,"k2,kcat"
886,3.571660459830407,10.718636844586548,116387125.94750775,33624.35045763618,1.3657320184637252,-3.2498,-4.0684,5.3635891632879,95,"k2,kcat"
887,0.3001387953828554,3.56710762571036,69772248.94541784,2593.9798073956335,0.8187348352253002,-3.2498,-4.0684,0.3181518748698371,84,"k2,kcat"
888,2.069781079470804,1.9766492069390469,116387125.94750775,3801.712504099903,0.1763910730946925,-3.2498,-4.0684,5.393596767130473,91,"k2,kcat"
889,2.156550312386396,1.915723185080486,69772248.94541784,3743.8209312890954,0.10574367021712527,-3.2498,-4.0684,10.034631879964708,80,"k2,kcat"
890,723.1139215177204,1149.6126298583956,116387125.94750775,189574.24036419275,3.8002304688715505,-3.2498,-4.0684,14.130284720391877,97,"k2,kcat"
891,2.0010701371143087,2.5666382709945594,25074846.16144205,16134.523559503443,10.574367021712527,-3.2498,-4.0684,22.753367487484166,69,"k2,kcat"
892,11.527046809255594,21.482395337975838,69772248.94541784,8349.039640060335,1.3657320184637252,-3.2498,-4.0684,13.483041276395223,85,"k2,kcat"
893,1.7738033036283247,2.016210442821539,69772248.94541784,4408.61300700539,0.29423804378655144,-3.2498,-4.0684,1.8574499414186996,82,"k2,kcat"
894,1.4911125600404747,1.9242188835574021,116387125.94750775,3954.5601294690277,0.4908186389050408,-3.2498,-4.0684,20.525450035905816,93,"k2,kcat"
895,1.815552977907121,3.2495061215878387,116387125.94750775,4369.263571960641,0.29423804378655144,-3.2498,-4.0684,6.073959270121339,92,"k2,kcat"
896,21.74665053431788,3.138242222786176,116387125.94750775,59813.79843231489,0.8187348352253002,-3.2498,-4.0684,1.9211895843699303,94,"k2,kcat"
897,105.00845308603887,256.1112251107875,602724252.2006383,376.7740187975955,10.574367021712527,-3.2498,-4.0684,29.928115093462697,9,"km2,kcat"
898,177.81857118498957,397.1376713908241,728419464.1462989,376.7740187975955,6.339166486608666,-3.2498,-4.0684,29.928115093957096,8,"km2,kcat"
899,1.2168038995831023,3.334003063540547,13234925.739742465,628.4969431592942,6.339166486608666,-3.2498,-4.0684,29.927393690028346,18,"km2,kcat"
900,2.2060263815011543,1.980425995931948,11649667.68727483,628.4969431592942,0.1763910730946925,-3.2498,-4.0684,0.31564935676984945,11,"km2,kcat"
901,2.190074751279539,1.9817977436759904,11638772.166721951,376.7740187975955,0.10574367021712527,-3.2498,-4.0684,0.3579262654293003,0,"km2,kcat"
902,6.694218364715566,2.0659048662355053,1749861.2976427954,628.4969431592942,0.8187348352253002,-3.2498,-4.0684,0.3233579043728444,14,"km2,kcat"
903,780.6340624777398,399.0606872698497,1046307868.018254,628.4969431592942,10.574367021712527,-3.2498,-4.0684,29.928115092519363,19,"km2,kcat"
904,4.13676284655024,3.850234235872909,954305.0814184683,376.7740187975955,3.8002304688715505,-3.2498,-4.0684,17.313367179271513,7,"km2,kcat"
905,2.1901132030055153,1.9817680191124585,11638781.180467092,376.7740187975955,0.8187348352253002,-3.2498,-4.0684,27.719063372991318,4,"km2,kcat"
906,14.048242463564634,12.436266267067936,352021.97142221173,628.4969431592942,3.8002304688715505,-3.2498,-4.0684,6.767825235919494,17,"km2,kcat"
907,2.190344160438057,1.982114476513714,11640377.033948515,1048.3960885126137,0.10574367021712527,-3.2498,-4.0684,29.138143425979376,20,"km2,kcat"
908,3.0195018824110162,1.1368654602527655,13081793.934814552,628.4969431592942,0.10574367021712527,-3.2498,-4.0684,0.7270237596860737,10,"km2,kcat"
909,2.1901055566229406,1.9817629805730603,11638712.594750768,1048.3960885126137,0.1763910730946925,-3.2498,-4.0684,10.134869180599852,21,"km2,kcat"
910,2.2493971865541034,2.046474252619877,10008769.153523201,376.7740187975955,0.4908186389050408,-3.2498,-4.0684,21.559660691386306,3,"km2,kcat"
911,2.222594843850671,2.154150276424165,10934647.070668189,376.7740187975955,0.1763910730946925,-3.2498,-4.0684,4.298186165542387,1,"km2,kcat"
912,2.1296419904054664,1.8572838005081227,11354481.545796728,376.7740187975955,0.29423804378655144,-3.2498,-4.0684,15.897519830635247,2,"km2,kcat"
913,2.661342987919655,4.319517105095676,5711081.2513182955,628.4969431592942,0.4908186389050408,-3.2498,-4.0684,0.32173101563913414,13,"km2,kcat"
914,2.141798988797271,1.9797307202201888,11884995.889551854,1048.3960885126137,0.29423804378655144,-3.2498,-4.0684,0.30956400598560985,22,"km2,kcat"
915,1.0918289462044468,9.09520417364984,4413551.515742603,628.4969431592942,2.2781783136706597,-3.2498,-4.0684,0.32054291258449397,16,"km2,kcat"
916,2.0115085586219563,2.53139148261767,9659218.136715608,628.4969431592942,0.29423804378655144,-3.2498,-4.0684,0.9454882026103397,12,"km2,kcat"
917,0.7200425354654756,5.002412528169642,6271020.435460224,628.4969431592942,1.3657320184637252,-3.2498,-4.0684,0.3193323513568387,15,"km2,kcat"
918,0.8354802103607817,3.3650787112225995,11059252.174515018,1048.3960885126137,0.8187348352253002,-3.2498,-4.0684,0.3174067775187084,24,"km2,kcat"
919,117.55363534168357,4.5093767913806,485054.3107345034,376.7740187975955,1.3657320184637252,-3.2498,-4.0684,0.3271522215164048,5,"km2,kcat"
920,2.944899452342678,1.7249623963399214,701789.412286628,1048.3960885126137,10.574367021712527,-3.2498,-4.0684,15.49549897218542,29,"km2,kcat"
921,1.740367899341022,1.360326433578238,11347122.072133228,1748.83007844633,0.1763910730946925,-3.2498,-4.0684,27.396632098056713,31,"km2,kcat"
922,2.1308408494006565,2.3972299082805737,7826589.422115828,1048.3960885126137,0.4908186389050408,-3.2498,-4.0684,0.3143117303202875,23,"km2,kcat"
923,7.536654400572001,1.219152765998682,12885448.837627476,1748.83007844633,0.10574367021712527,-3.2498,-4.0684,26.208228258055335,30,"km2,kcat"
924,3.625531685146945,0.8078559142257062,12002081.537579248,1748.83007844633,0.29423804378655144,-3.2498,-4.0684,0.39669980129032,32,"km2,kcat"
925,0.09172513295493223,2.923381811297805,9344707.355639903,376.7740187975955,2.2781783136706597,-3.2498,-4.0684,0.32057016250873194,6,"km2,kcat"
926,2.195431070417795,2.013670846037852,11739876.974647576,1748.83007844633,0.4908186389050408,-3.2498,-4.0684,0.31471331841371575,33,"km2,kcat"
927,1.8672497471815932,2.8178969955768376,9054745.979971226,1748.83007844633,0.8187348352253002,-3.2498,-4.0684,0.32699653726933725,34,"km2,kcat"
928,145.14486357650557,46.472569365229845,618619.6318762193,1048.3960885126137,3.8002304688715505,-3.2498,-4.0684,0.32443464467377453,27,"km2,kcat"
929,2.1916127117965605,2.00457251968742,11802927.702284975,2917.224393327944,0.4908186389050408,-3.2498,-4.0684,9.438567591113483,43,"km2,kcat"
930,0.5792091293830308,27.163361368795396,37838672.60205096,1048.3960885126137,2.2781783136706597,-3.2498,-4.0684,0.32063146988724595,26,"km2,kcat"
931,2.1901139157350524,1.9804897911869035,11636668.486229856,2917.224393327944,0.8187348352253002,-3.2498,-4.0684,0.31736267273598884,44,"km2,kcat"
932,2.9360166772592233,2.3234753272271087,11172947.45895394,2917.224393327944,0.29423804378655144,-3.2498,-4.0684,27.935427899566978,42,"km2,kcat"
933,2.1316291649384658,1.637143996241882,12554162.447055908,2917.224393327944,0.1763910730946925,-3.2498,-4.0684,39.3360977108655,41,"km2,kcat"
934,1.8281385812141662,3.7081005012144743,3774719.4833916184,1748.83007844633,2.2781783136706597,-3.2498,-4.0684,0.41985340304678875,36,"km2,kcat"
935,72.05090535706411,0.8476125768479443,5510309.199419514,1748.83007844633,6.339166486608666,-3.2498,-4.0684,29.535510564367378,38,"km2,kcat"
936,1.6880210215818607,4.298138452851029,4078783.367589999,2917.224393327944,3.8002304688715505,-3.2498,-4.0684,0.9582801162719593,47,"km2,kcat"
937,0.7148655687214538,2.9330956201139085,11291346.379230412,1748.83007844633,1.3657320184637252,-3.2498,-4.0684,0.321658957714395,35,"km2,kcat"
938,1.7812324795393253,3.6055686423190556,4011514.772803482,1048.3960885126137,1.3657320184637252,-3.2498,-4.0684,0.3213522328583731,25,"km2,kcat"
939,2.6184523028676634,1.9357697090408381,7617769.392505218,2917.224393327944,1.3657320184637252,-3.2498,-4.0684,1.3422957641824524,45,"km2,kcat"
940,49.18340083660985,19.09440771487623,180498058.33845413,2917.224393327944,0.10574367021712527,-3.2498,-4.0684,14.451005889525272,40,"km2,kcat"
941,2.190104150952323,1.9816020327153487,11638663.70952565,4866.223577643461,1.3657320184637252,-3.2498,-4.0684,0.3192947986750032,55,"km2,kcat"
942,0.2610625382102931,4.184989560983908,13402047.7566838,2917.224393327944,6.339166486608666,-3.2498,-4.0684,0.32173682775529755,48,"km2,kcat"
943,0.7444407172747072,0.7939248517100188,588286.5857551913,1048.3960885126137,6.339166486608666,-3.2498,-4.0684,0.32185074000415553,28,"km2,kcat"
944,3.3456288499803932,0.9256762454413405,11376076.815872427,4866.223577643461,0.4908186389050408,-3.2498,-4.0684,14.520666795699357,53,"km2,kcat"
945,2.4986082658933353,1.654001842410607,26352706.620716404,4866.223577643461,0.29423804378655144,-3.2498,-4.0684,12.307467773197558,52,"km2,kcat"
946,199.77871225410843,84.39110119550048,158263696.05001667,4866.223577643461,0.10574367021712527,-3.2498,-4.0684,2.6867439816162264,50,"km2,kcat"
947,2.1057757771564187,2.2073138814711264,9950251.699004984,2917.224393327944,2.2781783136706597,-3.2498,-4.0684,12.602966916272038,46,"km2,kcat"
948,7.546504503840088,23.97377661631655,3289641.0336098084,1748.83007844633,3.8002304688715505,-3.2498,-4.0684,0.3212524606323995,37,"km2,kcat"
949,3.3167706000479207,1.6497619672711177,11918753.491512323,4866.223577643461,0.8187348352253002,-3.2498,-4.0684,2.57939607819769,54,"km2,kcat"
950,8.137340305038453,2.085067339533368,355613.2124089488,1748.83007844633,10.574367021712527,-3.2498,-4.0684,0.32237439989905536,39,"km2,kcat"
951,1.0905656517947655,4.570194560876836,6778506.742795482,4866.223577643461,6.339166486608666,-3.2498,-4.0684,0.3226039824248469,58,"km2,kcat"
952,2.1081426988962937,3.4955923610620205,5819681.208351676,4866.223577643461,3.8002304688715505,-3.2498,-4.0684,0.32113719750716824,57,"km2,kcat"
953,2.190802161958828,1.9790735759388967,11621163.326881837,8117.350164002651,2.2781783136706597,-3.2498,-4.0684,0.3206887450361945,66,"km2,kcat"
954,3.36052053783711,2.067349469139731,27159499.76669652,8117.350164002651,0.4908186389050408,-3.2498,-4.0684,10.103531695964936,63,"km2,kcat"
955,0.37888191586624886,3.3492052459500474,7727189.01774676,4866.223577643461,10.574367021712527,-3.2498,-4.0684,0.3222118198458836,59,"km2,kcat"
956,2.2158205518197858,2.007587520945208,11685742.310254073,8117.350164002651,0.8187348352253002,-3.2498,-4.0684,28.34412541613255,64,"km2,kcat"
957,2.757317237293255,1.4945417383587696,12116693.943401698,8117.350164002651,1.3657320184637252,-3.2498,-4.0684,2.786437540025354,65,"km2,kcat"
958,8.574428163378839,11.700252738058815,34058889.514266714,8117.350164002651,0.29423804378655144,-3.2498,-4.0684,33.98012543839781,62,"km2,kcat"
959,6.962412867134162,1.9264623185484337,17020367.499457516,13540.556169213809,0.8187348352253002,-3.2498,-4.0684,18.552337363711075,74,"km2,kcat"
960,33.539026258463174,29.354865875971605,58359259.59721383,8117.350164002651,0.1763910730946925,-3.2498,-4.0684,25.55845425107426,61,"km2,kcat"
961,29.675672721634484,40.29376885498488,81119175.68185347,13540.556169213809,0.10574367021712527,-3.2498,-4.0684,46.14984972921373,70,"km2,kcat"
962,0.9187587076660073,3.067149186180761,4839529.460528781,8117.350164002651,10.574367021712527,-3.2498,-4.0684,1.284073852214556,69,"km2,kcat"
963,2.2407994822863455,2.030293280268808,11677727.638071902,13540.556169213809,2.2781783136706597,-3.2498,-4.0684,9.470816099277588,76,"km2,kcat"
964,0.7047716364353405,2.7660192886097126,17319136.215492092,4866.223577643461,2.2781783136706597,-3.2498,-4.0684,0.37234714502969346,56,"km2,kcat"
965,2.468202067425365,1.1218191796172912,10614178.951238865,13540.556169213809,1.3657320184637252,-3.2498,-4.0684,21.96434029640671,75,"km2,kcat"
966,35.824516052958174,197.8680604105421,200106884.65422547,4866.223577643461,0.1763910730946925,-3.2498,-4.0684,7.5927951032760745,51,"km2,kcat"
967,2.190120125575543,1.981823504136175,11639584.523259148,13540.556169213809,3.8002304688715505,-3.2498,-4.0684,0.3216939984362537,77,"km2,kcat"
968,2.130321949747641,1.8871945838567754,11458143.148264132,13540.556169213809,6.339166486608666,-3.2498,-4.0684,6.855356096256789,78,"km2,kcat"
969,95.0751291296517,110.66789407210536,153603120.39026815,13540.556169213809,0.1763910730946925,-3.2498,-4.0684,13.870172300263015,71,"km2,kcat"
970,51.21018433133891,113.40727955075944,59005200.2021229,22587.00901985313,0.29423804378655144,-3.2498,-4.0684,46.72283795450861,82,"km2,kcat"
971,0.5038875378152532,2.5023777858799097,13121618.330686884,8117.350164002651,6.339166486608666,-3.2498,-4.0684,0.3225352261417471,68,"km2,kcat"
972,1.6113581547534892,1.578887192884761,13467334.409911245,22587.00901985313,2.2781783136706597,-3.2498,-4.0684,24.5542925273548,86,"km2,kcat"
973,2.1901055566229406,1.9817629805730603,11638712.594750768,22587.00901985313,3.8002304688715505,-3.2498,-4.0684,9.54233510085663,87,"km2,kcat"
974,2.1901055566229406,1.9817629805730603,11638712.594750768,37677.401879759585,0.10574367021712527,-3.2498,-4.0684,47.56874474221526,90,"km2,kcat"
975,2.1676955957484783,1.9864296352072235,11663190.724890364,22587.00901985313,6.339166486608666,-3.2498,-4.0684,0.3216818615915303,88,"km2,kcat"
976,3.0727247552226578,4.896592279950836,5666311.005171454,13540.556169213809,10.574367021712527,-3.2498,-4.0684,0.321998806639653,79,"km2,kcat"
977,69.74401999954432,37.02104793709997,175477209.31849384,8117.350164002651,0.10574367021712527,-3.2498,-4.0684,1.4163911997810226,60,"km2,kcat"
978,12.730354324725274,16.902534720675032,377898859.44567794,13540.556169213809,0.4908186389050408,-3.2498,-4.0684,19.557884213138596,73,"km2,kcat"
979,15.356192674073831,1.3148738677743816,33107344.351370163,22587.00901985313,1.3657320184637252,-3.2498,-4.0684,0.5018494212526563,85,"km2,kcat"
980,4.245465611131922,60.08361692996177,447488174.77129006,37677.401879759585,0.29423804378655144,-3.2498,-4.0684,46.861784466326604,92,"km2,kcat"
981,2.1901055566229406,1.9817629805730603,11638712.594750768,37677.401879759585,3.8002304688715505,-3.2498,-4.0684,28.381654813328602,97,"km2,kcat"
982,1.9063744840365415,2.137616384333052,11006396.64255141,22587.00901985313,10.574367021712527,-3.2498,-4.0684,3.858055764161736,89,"km2,kcat"
983,6.441826370623518,35.45670321142379,86741389.21969834,37677.401879759585,0.8187348352253002,-3.2498,-4.0684,45.48372144908576,94,"km2,kcat"
984,2.6937376603235617,1.7701779996718034,31095581.042724557,37677.401879759585,2.2781783136706597,-3.2498,-4.0684,6.465838493970677,96,"km2,kcat"
985,115.36426031103204,73.02678225360638,130337427.40934843,22587.00901985313,0.1763910730946925,-3.2498,-4.0684,28.432678816047584,81,"km2,kcat"
986,2.1893159569257916,1.7827104856450973,9855522.856839111,8117.350164002651,3.8002304688715505,-3.2498,-4.0684,4.661300178524932,67,"km2,kcat"
987,2.1685452500870106,1.9807325568270011,11641079.808973951,37677.401879759585,10.574367021712527,-3.2498,-4.0684,0.3216819703144301,99,"km2,kcat"
988,2.422483399609227,1.9084677585003278,11487206.970955702,37677.401879759585,6.339166486608666,-3.2498,-4.0684,7.899229128926388,98,"km2,kcat"
989,78.17765265556365,0.8064597729382779,184095534.22098166,22587.00901985313,0.10574367021712527,-3.2498,-4.0684,17.27487347902377,80,"km2,kcat"
990,103.27323598785262,124.0712199898313,128980135.43091927,37677.401879759585,0.1763910730946925,-3.2498,-4.0684,45.97245730013617,91,"km2,kcat"
991,1.840458031781791,2.6646398046361885,7784475.283570405,2917.224393327944,10.574367021712527,-3.2498,-4.0684,27.04719020586908,49,"km2,kcat"
992,69.26211709422809,116.4507281159238,165356393.7505949,22587.00901985313,0.8187348352253002,-3.2498,-4.0684,2.400366185746372,84,"km2,kcat"
993,13.299798932383746,69.97044072649862,312189423.83244354,37677.401879759585,1.3657320184637252,-3.2498,-4.0684,0.41661513532305594,95,"km2,kcat"
